species,lake,yearcap,fishID,agecap,lencap,radcap,rad1,rad2,rad3,rad4,rad5,rad6,rad7,rad8,rad9,rad10
WAE,Bean Lake,1998,75,2,416,4.97846,2.27166,4.27169,4.97846,,,,,,,
WAE,Bean Lake,1998,46,2,425,5.73618,2.60147,4.85996,5.73618,,,,,,,
WAE,Bean Lake,1998,63,2,426,5.29899,2.58879,4.50929,5.29899,,,,,,,
WAE,Bean Lake,1998,90,2,439,4.94672,2.35856,4.03871,4.94672,,,,,,,
WAE,Bean Lake,1998,85,2,444,6.47501,3.08437,5.48226,6.47501,,,,,,,
WAE,Bean Lake,1998,62,2,446,5.08754,2.37441,4.3455,5.08754,,,,,,,
WAE,Bean Lake,1998,2,6,590,7.77675,2.53679,4.65713,6.08373,6.98304,7.3388,7.59474,7.77675,,,
YEP,Bean Lake,1998,76,1,168,2.9553,1.53747,2.9553,,,,,,,,
YEP,Bean Lake,1998,67,1,176,2.76102,1.49961,2.76102,,,,,,,,
YEP,Bean Lake,1998,33,1,178,3.22792,1.96244,3.22792,,,,,,,,
YEP,Bean Lake,1998,74,1,183,3.27542,1.77257,3.27542,,,,,,,,
YEP,Bean Lake,1998,25,1,184,2.6924,1.3187,2.6924,,,,,,,,
YEP,Bean Lake,1998,26,1,187,3.38934,1.56458,3.38934,,,,,,,,
YEP,Bean Lake,1998,19,1,187,3.39548,2.02597,3.39548,,,,,,,,
YEP,Bean Lake,1998,24,1,187,3.34437,1.94101,3.34437,,,,,,,,
YEP,Bean Lake,1998,64,1,190,3.08823,1.72509,3.08823,,,,,,,,
YEP,Bean Lake,1998,27,1,196,3.19214,1.81857,3.19214,,,,,,,,
YEP,Bean Lake,1998,31,1,196,3.30656,1.8415,3.30656,,,,,,,,
YEP,Bean Lake,1998,32,1,197,3.41215,1.80554,3.41215,,,,,,,,
YEP,Bean Lake,1998,18,1,197,3.40455,1.98978,3.40455,,,,,,,,
YEP,Bean Lake,1998,66,1,201,3.69451,1.99889,3.69451,,,,,,,,
YEP,Bean Lake,1998,70,1,201,3.50093,2.02217,3.50093,,,,,,,,
YEP,Bean Lake,1998,73,1,202,3.34496,1.76505,3.34496,,,,,,,,
YEP,Bean Lake,1998,28,1,206,3.55389,2.24593,3.55389,,,,,,,,
YEP,Bean Lake,1998,29,1,206,3.5461,2.08746,3.5461,,,,,,,,
YEP,Bean Lake,1998,71,1,217,3.81684,2.41327,3.81684,,,,,,,,
YEP,Bean Lake,1998,16,2,218,3.99708,1.55696,3.22431,3.99708,,,,,,,
YEP,Bean Lake,1998,59,2,233,4.30459,1.81052,3.45343,4.30459,,,,,,,
YEP,Bean Lake,1998,89,2,234,4.18265,1.90213,3.33228,4.18265,,,,,,,
YEP,Bean Lake,1998,72,2,237,4.22802,1.46161,3.34391,4.22802,,,,,,,
YEP,Bean Lake,1998,61,2,238,4.36818,1.66604,3.52765,4.36818,,,,,,,
YEP,Bean Lake,1998,7,2,239,4.38651,1.86965,3.5967,4.38651,,,,,,,
YEP,Bean Lake,1998,30,2,240,4.46809,1.63407,3.53394,4.46809,,,,,,,
YEP,Bean Lake,1998,69,2,243,4.37659,1.90872,3.66291,4.37659,,,,,,,
YEP,Bean Lake,1998,12,2,247,4.89809,1.66429,3.97778,4.89809,,,,,,,
YEP,Bean Lake,1998,88,2,248,4.52022,1.47751,3.57282,4.52022,,,,,,,
YEP,Bean Lake,1998,91,2,248,4.81264,1.69973,3.83808,4.81264,,,,,,,
YEP,Bean Lake,1998,56,2,251,4.80961,1.74062,3.95073,4.80961,,,,,,,
YEP,Bean Lake,1998,57,2,253,4.5225,1.50657,3.5687,4.5225,,,,,,,
YEP,Bean Lake,1998,58,2,253,4.45727,2.34272,3.99756,4.45727,,,,,,,
YEP,Bean Lake,1998,55,2,258,4.57027,1.52629,3.7218,4.57027,,,,,,,
YEP,Bean Lake,1998,5,2,258,4.96571,1.77381,4.04926,4.96571,,,,,,,
YEP,Bean Lake,1998,23,2,261,4.70669,1.6742,3.7946,4.70669,,,,,,,
YEP,Bean Lake,1998,17,2,262,4.9182,1.76704,4.08834,4.9182,,,,,,,
YEP,Bean Lake,1998,6,2,263,4.89169,1.84579,4.09155,4.89169,,,,,,,
YEP,Bean Lake,1998,4,2,265,5.15465,1.77392,4.30178,5.15465,,,,,,,
YEP,Bean Lake,1998,9,2,267,5.21199,1.88053,4.27602,5.21199,,,,,,,
YEP,Bean Lake,1998,20,2,270,4.94881,1.81728,4.03587,4.94881,,,,,,,
YEP,Bean Lake,1998,14,2,271,5.00435,1.53082,3.76786,5.00435,,,,,,,
YEP,Bean Lake,1998,15,2,271,5.0089,1.55584,4.0226,5.0089,,,,,,,
YEP,Bean Lake,1998,13,2,272,4.73733,1.9685,3.8566,4.73733,,,,,,,
YEP,Bean Lake,1998,22,2,275,4.4854,1.71916,3.70648,4.4854,,,,,,,
YEP,Bean Lake,1998,60,2,280,4.95612,1.89316,4.16634,4.95612,,,,,,,
YEP,Bean Lake,1998,53,2,282,5.30734,2.11532,4.50021,5.30734,,,,,,,
YEP,Bean Lake,1998,68,3,285,4.57627,1.22985,3.23034,4.18262,4.57627,,,,,,
YEP,Bean Lake,1998,10,3,288,5.49365,1.54403,3.74909,4.97052,5.49365,,,,,,
YEP,Bean Lake,1998,86,3,289,4.62167,1.56468,3.67308,4.30402,4.62167,,,,,,
YEP,Bean Lake,1998,51,3,291,4.64449,0.94627,2.89655,4.19467,4.64449,,,,,,
YEP,Bean Lake,1998,87,3,292,5.42676,1.34245,3.58303,4.86431,5.42676,,,,,,
YEP,Bean Lake,1998,48,3,297,4.36245,1.04888,2.91273,3.92853,4.36245,,,,,,
YEP,Bean Lake,1998,50,3,297,5.06022,1.19488,3.46602,4.57278,5.06022,,,,,,
YEP,Bean Lake,1998,54,3,297,4.93902,1.12019,3.45154,4.41622,4.93902,,,,,,
YEP,Bean Lake,1998,21,3,300,4.79857,0.86361,3.04165,4.27358,4.79857,,,,,,
YEP,Bean Lake,1998,8,3,303,5.199,1.80882,4.05421,4.81186,5.199,,,,,,
YEP,Bean Lake,1998,65,3,304,4.80794,1.35499,3.363,4.42439,4.80794,,,,,,
YEP,Bean Lake,1998,11,3,307,5.19444,1.27021,3.57737,4.70339,5.19444,,,,,,
YEP,Bean Lake,1998,52,3,316,5.54635,1.71691,3.94667,5.08257,5.54635,,,,,,
YEP,Bean Lake,1998,49,4,305,4.99964,1.0735,2.63173,4.02185,4.67581,4.99964,,,,,
WAE,Bingham Lake,1998,6,2,319,4.63606,2.0375,4.31037,4.63606,,,,,,,
WAE,Bingham Lake,1998,7,2,335,3.75587,1.55242,3.43192,3.75587,,,,,,,
WAE,Bingham Lake,1998,2,2,337,4.53042,2.02262,4.1326,4.53042,,,,,,,
WAE,Bingham Lake,1998,1,2,383,4.02813,1.64114,3.58168,4.02813,,,,,,,
WAE,Bingham Lake,1998,62,3,331,4.30107,0.84058,2.70989,4.05767,4.30107,,,,,,
WAE,Bingham Lake,1998,5,3,438,5.33285,2.08782,4.52037,5.20984,5.33285,,,,,,
WAE,Bingham Lake,1998,308,3,444,5.19028,2.31791,4.42453,5.02743,5.19028,,,,,,
WAE,Bingham Lake,1998,302,3,448,5.10574,2.28092,4.2385,4.90662,5.10574,,,,,,
WAE,Bingham Lake,1998,4,3,448,6.20069,3.14134,4.91767,6.00426,6.20069,,,,,,
WAE,Bingham Lake,1998,61,3,467,5.06308,1.65342,3.8799,4.8239,5.06308,,,,,,
WAE,Bingham Lake,1998,306,3,473,6.01179,1.30204,4.17221,5.61783,6.01179,,,,,,
WAE,Bingham Lake,1998,304,3,500,5.96708,2.39821,4.79637,5.73838,5.96708,,,,,,
WAE,Bingham Lake,1998,307,4,390,4.77732,1.74837,3.19407,3.88197,4.61861,4.77732,,,,,
WAE,Bingham Lake,1998,9,4,478,6.76501,1.90713,4.4028,6.11996,6.68449,6.76501,,,,,
WAE,Bingham Lake,1998,303,4,486,5.59708,1.44855,3.51373,4.92822,5.49972,5.59708,,,,,
WAE,Bingham Lake,1998,60,5,516,6.13911,2.15057,4.03229,4.97428,5.50154,5.95286,6.13911,,,,
WAE,Bingham Lake,1998,57,5,521,7.21831,1.85849,4.7054,6.2106,6.92411,7.12742,7.21831,,,,
WAE,Bingham Lake,1998,56,5,582,6.56391,1.43722,3.56465,5.17102,6.016,6.37566,6.56391,,,,
WAE,Bingham Lake,1998,88,5,587,7.61848,2.01518,4.20378,6.00075,6.87115,7.43417,7.61848,,,,
WAE,Bingham Lake,1998,8,5,596,7.06332,1.52621,3.81,5.56261,6.38599,6.87291,7.06332,,,,
WAE,Bingham Lake,1998,305,6,573,6.71625,1.41532,3.17763,4.57468,5.59232,6.30346,6.61251,6.71625,,,
WAE,Bingham Lake,1998,309,7,560,6.59351,0.82408,3.76565,5.1457,5.8569,6.09602,6.30134,6.47701,6.59351,,
WAE,Bingham Lake,1998,82,7,584,7.32579,1.97487,4.63128,5.85895,6.47701,6.80094,7.07179,7.20937,7.32579,,
WAE,Bingham Lake,1998,81,7,633,8.06332,2.70366,5.21545,6.45748,6.94646,7.49426,7.83311,7.98081,8.06332,,
YEP,Bingham Lake,1998,86,2,194,3.21386,1.12036,2.83356,3.21386,,,,,,,
YEP,Bingham Lake,1998,85,3,160,3.31727,0.77047,1.68923,2.81363,3.31727,,,,,,
YEP,Bingham Lake,1998,3,3,178,3.53953,1.06788,2.04562,3.18817,3.53953,,,,,,
YEP,Bingham Lake,1998,87,3,184,3.7766,0.99602,1.95792,3.36763,3.7766,,,,,,
YEP,Bingham Lake,1998,64,3,189,3.61335,1.12396,2.7945,3.38253,3.61335,,,,,,
YEP,Bingham Lake,1998,63,3,190,3.97122,0.98463,2.06304,3.45566,3.97122,,,,,,
YEP,Buff Lake,1998,48,1,101,1.51998,1.06905,1.51998,,,,,,,,
YEP,Buff Lake,1998,49,1,109,1.52823,1.21297,1.52823,,,,,,,,
YEP,Buff Lake,1998,5,2,116,1.81187,0.56102,1.40778,1.81187,,,,,,,
YEP,Buff Lake,1998,60,2,119,1.36129,0.38561,1.12712,1.36129,,,,,,,
YEP,Buff Lake,1998,52,2,136,2.11154,0.6743,1.51282,2.11154,,,,,,,
YEP,Buff Lake,1998,10,2,141,1.66604,0.80645,1.37827,1.66604,,,,,,,
YEP,Buff Lake,1998,6,2,141,2.16138,0.64787,1.58812,2.16138,,,,,,,
YEP,Buff Lake,1998,7,2,147,2.26274,0.83224,1.68913,2.26274,,,,,,,
YEP,Buff Lake,1998,9,2,148,1.77032,0.48621,1.26839,1.77032,,,,,,,
YEP,Buff Lake,1998,11,2,148,1.84382,0.42945,1.318,1.84382,,,,,,,
YEP,Buff Lake,1998,27,2,150,2.41434,0.64405,2.01108,2.41434,,,,,,,
YEP,Buff Lake,1998,8,2,152,2.412,0.82417,1.86499,2.412,,,,,,,
YEP,Buff Lake,1998,17,2,152,2.38714,0.70717,1.7039,2.38714,,,,,,,
YEP,Buff Lake,1998,29,2,157,2.48325,1.00979,2.04942,2.48325,,,,,,,
YEP,Buff Lake,1998,15,2,158,2.15697,0.53135,1.77815,2.15697,,,,,,,
YEP,Buff Lake,1998,16,2,163,2.43863,0.68168,2.09178,2.43863,,,,,,,
YEP,Buff Lake,1998,12,2,165,2.21213,1.25895,2.01712,2.21213,,,,,,,
YEP,Buff Lake,1998,28,2,165,2.45523,0.92291,1.92228,2.45523,,,,,,,
YEP,Buff Lake,1998,14,2,171,2.43212,0.79826,2.0598,2.43212,,,,,,,
YEP,Buff Lake,1998,50,3,166,2.50246,0.61631,1.71916,2.21644,2.50246,,,,,,
YEP,Buff Lake,1998,13,3,168,2.24315,0.60174,1.45741,2.05907,2.24315,,,,,,
YEP,Buff Lake,1998,51,3,170,2.99907,1.04484,2.14257,2.7342,2.99907,,,,,,
YEP,Buff Lake,1998,53,3,171,2.61869,0.78059,1.73377,2.36889,2.61869,,,,,,
YEP,Buff Lake,1998,30,3,173,2.61495,0.59695,1.55829,2.37524,2.61495,,,,,,
YEP,Buff Lake,1998,18,3,182,3.00301,0.84055,1.98108,2.69548,3.00301,,,,,,
YEP,Buff Lake,1998,54,3,189,2.80599,0.71614,1.81453,2.45863,2.80599,,,,,,
YEP,Buff Lake,1998,33,3,193,3.02445,0.55472,1.5992,2.67341,3.02445,,,,,,
YEP,Buff Lake,1998,55,3,233,4.44801,1.39062,3.12155,4.12379,4.44801,,,,,,
YEP,Buff Lake,1998,26,3,239,4.21878,1.83397,2.73863,3.8327,4.21878,,,,,,
YEP,Buff Lake,1998,58,3,244,3.88703,0.91049,3.04211,3.65646,3.88703,,,,,,
YEP,Buff Lake,1998,47,4,202,3.11826,0.67961,1.59943,2.63341,2.91509,3.11826,,,,,
YEP,Buff Lake,1998,31,4,207,3.19143,0.60127,1.56765,2.38747,2.97988,3.19143,,,,,
YEP,Buff Lake,1998,19,4,208,3.16866,0.65081,1.8355,2.63526,3.0607,3.16866,,,,,
YEP,Buff Lake,1998,56,4,217,3.69047,0.68792,1.88029,2.70546,3.45498,3.69047,,,,,
YEP,Buff Lake,1998,25,4,232,3.97457,1.02573,2.45639,3.28948,3.83675,3.97457,,,,,
YEP,Buff Lake,1998,35,4,235,3.83225,0.5597,1.7909,2.77201,3.43574,3.83225,,,,,
YEP,Buff Lake,1998,2,4,240,4.13543,1.46477,2.58154,3.66479,4.04814,4.13543,,,,,
YEP,Buff Lake,1998,41,4,269,4.98604,1.93648,3.31282,4.40326,4.90112,4.98604,,,,,
YEP,Buff Lake,1998,57,4,275,4.23072,0.90273,2.88904,3.29767,4.01034,4.23072,,,,,
YEP,Buff Lake,1998,20,4,285,4.50675,1.5668,3.13274,3.87369,4.39034,4.50675,,,,,
YEP,Buff Lake,1998,44,4,289,5.36364,1.49714,3.46515,4.68631,5.21336,5.36364,,,,,
YEP,Buff Lake,1998,32,5,211,3.58616,0.81285,2.1024,2.55296,2.99311,3.39784,3.58616,,,,
YEP,Buff Lake,1998,36,5,238,4.21018,0.98876,1.97146,2.84763,3.61912,4.07842,4.21018,,,,
YEP,Buff Lake,1998,59,5,301,5.93798,1.11532,2.51692,4.31423,5.39999,5.85737,5.93798,,,,
YEP,Buff Lake,1998,3,5,302,4.91947,0.9146,1.88023,3.56708,4.3922,4.7861,4.91947,,,,
WAE,Cottonwood Lake,1998,2,1,274,3.11179,2.64386,3.11179,,,,,,,,
WAE,Cottonwood Lake,1998,65,2,271,3.04109,1.0739,2.35067,3.04109,,,,,,,
WAE,Cottonwood Lake,1998,1,2,286,2.82455,1.29631,2.37076,2.82455,,,,,,,
WAE,Cottonwood Lake,1998,67,2,307,3.70766,0.75466,2.90119,3.70766,,,,,,,
YEP,Cottonwood Lake,1998,69,2,137,2.23768,0.80937,1.87811,2.23768,,,,,,,
YEP,Cottonwood Lake,1998,37,2,145,2.20988,0.99909,1.5417,2.20988,,,,,,,
YEP,Cottonwood Lake,1998,13,2,146,2.30359,0.84339,1.55038,2.30359,,,,,,,
YEP,Cottonwood Lake,1998,43,2,154,2.43232,0.78529,1.84588,2.43232,,,,,,,
YEP,Cottonwood Lake,1998,61,2,154,2.7136,0.88313,1.99975,2.7136,,,,,,,
YEP,Cottonwood Lake,1998,38,2,155,2.71368,1.12838,1.94265,2.71368,,,,,,,
YEP,Cottonwood Lake,1998,10,2,155,2.54069,0.9779,1.64298,2.54069,,,,,,,
YEP,Cottonwood Lake,1998,62,2,159,2.66167,0.92041,2.10462,2.66167,,,,,,,
YEP,Cottonwood Lake,1998,42,2,162,3.0489,0.99583,2.38221,3.0489,,,,,,,
YEP,Cottonwood Lake,1998,40,2,163,2.81058,0.88111,1.96728,2.81058,,,,,,,
YEP,Cottonwood Lake,1998,60,2,166,3.23855,1.00704,2.54022,3.23855,,,,,,,
YEP,Cottonwood Lake,1998,14,2,167,3.02571,0.83282,2.44826,3.02571,,,,,,,
YEP,Cottonwood Lake,1998,63,2,167,2.34554,0.71998,1.82616,2.34554,,,,,,,
YEP,Cottonwood Lake,1998,44,2,170,2.84693,0.84161,2.09165,2.84693,,,,,,,
YEP,Cottonwood Lake,1998,8,2,172,3.07898,0.96023,2.34045,3.07898,,,,,,,
YEP,Cottonwood Lake,1998,39,2,179,2.96367,0.92518,2.3855,2.96367,,,,,,,
YEP,Cottonwood Lake,1998,7,2,183,3.21527,1.1304,2.45746,3.21527,,,,,,,
YEP,Cottonwood Lake,1998,11,2,184,3.35249,1.06909,2.63721,3.35249,,,,,,,
YEP,Cottonwood Lake,1998,9,2,184,3.28517,1.05352,2.61226,3.28517,,,,,,,
YEP,Cottonwood Lake,1998,6,3,181,2.94528,1.11542,2.02116,2.56632,2.94528,,,,,,
YEP,Cottonwood Lake,1998,41,3,183,3.29559,0.91495,2.03547,2.83604,3.29559,,,,,,
YEP,Cottonwood Lake,1998,4,3,196,3.5842,1.16878,2.19722,3.21589,3.5842,,,,,,
YEP,Cottonwood Lake,1998,5,3,201,3.58808,1.06282,2.17613,3.209,3.58808,,,,,,
YEP,Cottonwood Lake,1998,12,3,202,3.66857,1.02871,2.0411,3.09485,3.66857,,,,,,
YEP,Cottonwood Lake,1998,3,3,206,3.736,1.39713,2.58688,3.2788,3.736,,,,,,
YEP,Cottonwood Lake,1998,68,3,215,4.28261,1.3398,2.66752,3.69614,4.28261,,,,,,
YEP,Cottonwood Lake,1998,66,4,212,3.58361,0.69908,1.60961,2.43293,3.17967,3.58361,,,,,
WAE,Fish Lake,1998,145,2,284,3.57265,0.9844,2.88017,3.57265,,,,,,,
WAE,Fish Lake,1998,101,2,292,3.25477,0.79499,2.46193,3.25477,,,,,,,
WAE,Fish Lake,1998,98,2,293,3.03182,0.78692,2.11121,3.03182,,,,,,,
WAE,Fish Lake,1998,99,2,296,3.12843,0.80756,2.30929,3.12843,,,,,,,
WAE,Fish Lake,1998,136,2,297,3.2908,0.81836,2.48197,3.2908,,,,,,,
WAE,Fish Lake,1998,102,2,298,3.2821,0.87108,2.32726,3.2821,,,,,,,
WAE,Fish Lake,1998,137,2,299,3.0744,0.79054,2.21785,3.0744,,,,,,,
WAE,Fish Lake,1998,97,2,300,3.39763,0.84922,2.40686,3.39763,,,,,,,
WAE,Fish Lake,1998,96,2,307,3.7391,0.97771,2.68689,3.7391,,,,,,,
WAE,Fish Lake,1998,45,2,307,3.65249,0.82599,2.56767,3.65249,,,,,,,
WAE,Fish Lake,1998,95,2,308,3.96074,0.96181,2.86813,3.96074,,,,,,,
WAE,Fish Lake,1998,143,2,310,3.76584,0.87078,2.65757,3.76584,,,,,,,
WAE,Fish Lake,1998,100,2,322,3.58447,1.03093,2.70505,3.58447,,,,,,,
WAE,Fish Lake,1998,146,2,333,3.91521,2.14045,3.24527,3.91521,,,,,,,
WAE,Fish Lake,1998,141,3,480,6.16014,1.92933,4.28595,5.70521,6.16014,,,,,,
WAE,Fish Lake,1998,46,3,492,5.96133,1.47628,3.83454,5.43244,5.96133,,,,,,
WAE,Fish Lake,1998,203,4,432,5.34945,2.01484,3.32233,4.40523,5.04897,5.34945,,,,,
WAE,Fish Lake,1998,210,4,481,5.57219,1.98139,3.4413,4.57131,5.32545,5.57219,,,,,
WAE,Fish Lake,1998,211,4,492,6.36063,1.85444,4.04318,5.22399,6.08965,6.36063,,,,,
WAE,Fish Lake,1998,144,4,501,5.7003,1.72218,3.36179,4.43676,5.32774,5.7003,,,,,
WAE,Fish Lake,1998,6,4,503,6.31015,1.82322,3.82307,5.23909,6.0391,6.31015,,,,,
WAE,Fish Lake,1998,208,4,507,5.5531,1.36661,3.46927,4.54748,5.25173,5.5531,,,,,
WAE,Fish Lake,1998,140,4,528,6.64527,1.64753,4.00047,5.40254,6.38977,6.64527,,,,,
WAE,Fish Lake,1998,142,4,566,6.98252,1.9534,4.05393,5.38919,6.5442,6.98252,,,,,
WAE,Fish Lake,1998,209,5,494,5.83103,0.73597,2.59296,3.83278,4.91919,5.50278,5.83103,,,,
WAE,Fish Lake,1998,205,5,534,6.89628,2.05498,4.31004,5.50233,6.26592,6.73964,6.89628,,,,
WAE,Fish Lake,1998,200,5,553,6.46115,1.43844,3.35403,4.84072,5.70904,6.19731,6.46115,,,,
WAE,Fish Lake,1998,215,5,643,5.92138,1.84995,3.53281,4.63773,5.16879,5.60874,5.92138,,,,
WAE,Fish Lake,1998,202,6,542,5.95479,1.58721,3.94936,4.90921,5.29465,5.60054,5.82798,5.95479,,,
WAE,Fish Lake,1998,201,7,675,7.3459,2.25297,4.98997,6.02508,6.44227,6.71719,7.0661,7.24004,7.3459,,
WAE,Fish Lake,1998,4,7,683,7.5635,2.25303,4.11458,5.44402,6.27733,6.88673,7.25472,7.42814,7.5635,,
WAE,Fish Lake,1998,5,8,627,7.09571,1.43421,3.7902,5.17877,6.0423,6.50534,6.68322,6.83134,6.96262,7.09571,
WAE,Fish Lake,1998,204,8,633,8.43161,1.39515,3.98347,5.5361,6.77439,7.50016,7.82812,8.08861,8.28779,8.43161,
WAE,Fish Lake,1998,206,8,644,8.18847,1.32593,2.85669,4.2435,5.93134,7.0527,7.60616,7.91154,8.09261,8.18847,
WAE,Fish Lake,1998,213,8,687,7.30763,1.69344,3.43206,4.80841,5.79017,6.37662,6.83958,7.03461,7.18266,7.30763,
WAE,Fish Lake,1998,214,8,688,7.29435,2.32876,4.45989,5.70453,6.29285,6.69938,6.86658,7.05718,7.19898,7.29435,
WAE,Fish Lake,1998,212,8,703,6.56813,0.87934,2.7623,4.50641,5.05461,5.6516,6.03502,6.29293,6.44538,6.56813,
WAE,Fish Lake,1998,207,8,706,7.60325,1.36061,3.47882,4.97081,6.00803,6.55804,7.06566,7.33878,7.51653,7.60325,
YEP,Fish Lake,1998,103,2,148,2.48927,0.99511,1.90929,2.48927,,,,,,,
YEP,Fish Lake,1998,105,2,151,2.50657,0.95335,2.10513,2.50657,,,,,,,
YEP,Fish Lake,1998,17,2,153,2.56367,1.05513,2.18881,2.56367,,,,,,,
YEP,Fish Lake,1998,26,2,157,2.46511,0.86804,1.72372,2.46511,,,,,,,
YEP,Fish Lake,1998,12,2,158,2.8564,1.13678,2.39074,2.8564,,,,,,,
YEP,Fish Lake,1998,27,2,160,2.75684,0.81351,2.07279,2.75684,,,,,,,
YEP,Fish Lake,1998,8,2,167,2.83242,0.91449,2.25645,2.83242,,,,,,,
YEP,Fish Lake,1998,23,2,167,3.41466,1.19084,2.99333,3.41466,,,,,,,
YEP,Fish Lake,1998,20,2,168,3.05224,1.11972,2.76016,3.05224,,,,,,,
YEP,Fish Lake,1998,24,2,172,2.95256,0.74032,2.31773,2.95256,,,,,,,
YEP,Fish Lake,1998,22,2,173,2.91469,0.92533,2.46806,2.91469,,,,,,,
YEP,Fish Lake,1998,16,2,177,3.34011,1.21935,2.7284,3.34011,,,,,,,
YEP,Fish Lake,1998,21,2,177,2.71785,1.10291,2.23524,2.71785,,,,,,,
YEP,Fish Lake,1998,15,2,179,3.11151,1.04585,2.5273,3.11151,,,,,,,
YEP,Fish Lake,1998,13,2,180,3.15209,0.85738,2.3885,3.15209,,,,,,,
YEP,Fish Lake,1998,11,2,182,3.26474,1.11765,2.6465,3.26474,,,,,,,
YEP,Fish Lake,1998,18,2,184,3.42821,1.02306,2.71312,3.42821,,,,,,,
YEP,Fish Lake,1998,14,2,187,3.18784,1.14556,2.59724,3.18784,,,,,,,
YEP,Fish Lake,1998,10,2,188,3.47911,1.25879,2.97301,3.47911,,,,,,,
YEP,Fish Lake,1998,7,2,190,3.61405,1.17748,2.96388,3.61405,,,,,,,
YEP,Fish Lake,1998,9,2,194,3.45827,0.99808,2.67873,3.45827,,,,,,,
YEP,Fish Lake,1998,25,2,198,3.10731,0.98228,2.48946,3.10731,,,,,,,
YEP,Fish Lake,1998,31,2,202,3.32132,1.09294,2.83683,3.32132,,,,,,,
YEP,Fish Lake,1998,104,3,162,2.83286,0.96643,1.79938,2.33549,2.83286,,,,,,
YEP,Fish Lake,1998,19,3,194,3.20539,0.77717,1.98039,2.87496,3.20539,,,,,,
YEP,Fish Lake,1998,32,3,197,3.29358,1.13665,2.0513,2.57627,3.29358,,,,,,
YEP,Fish Lake,1998,29,3,203,3.96529,1.13877,2.5697,3.27726,3.96529,,,,,,
YEP,Fish Lake,1998,39,3,204,3.49041,1.26183,2.39823,2.993,3.49041,,,,,,
YEP,Fish Lake,1998,42,3,204,3.25088,1.13061,2.28155,2.87164,3.25088,,,,,,
YEP,Fish Lake,1998,33,3,206,3.67878,0.97901,2.29886,2.91465,3.67878,,,,,,
YEP,Fish Lake,1998,43,3,210,3.43535,1.01697,2.50857,2.98465,3.43535,,,,,,
YEP,Fish Lake,1998,30,3,210,3.0146,0.87444,1.82975,2.62413,3.0146,,,,,,
YEP,Fish Lake,1998,38,3,211,3.55071,1.19497,2.6242,3.14222,3.55071,,,,,,
YEP,Fish Lake,1998,36,3,212,3.71139,1.13585,2.46956,3.44481,3.71139,,,,,,
YEP,Fish Lake,1998,41,3,219,3.44668,1.19652,2.57618,3.1139,3.44668,,,,,,
YEP,Fish Lake,1998,40,3,220,3.55614,1.0266,2.10632,2.96985,3.55614,,,,,,
YEP,Fish Lake,1998,35,3,220,3.63639,1.19243,2.48225,3.13206,3.63639,,,,,,
YEP,Fish Lake,1998,34,3,222,3.58358,1.25101,2.47651,3.03169,3.58358,,,,,,
YEP,Fish Lake,1998,28,3,225,3.14983,1.15875,2.31148,2.81735,3.14983,,,,,,
YEP,Fish Lake,1998,37,3,226,3.34645,0.97891,2.34104,2.84269,3.34645,,,,,,
YEP,Fish Lake,1998,138,3,233,3.75329,1.24289,2.52952,3.30666,3.75329,,,,,,
YEP,Fish Lake,1998,44,3,237,3.61954,1.23679,2.63553,3.08822,3.61954,,,,,,
YEP,Fish Lake,1998,139,4,234,3.68318,0.98029,2.18927,2.82575,3.45686,3.68318,,,,,
WAE,Fox Lake,1998,132,2,351,4.34423,2.49202,3.66027,4.34423,,,,,,,
WAE,Fox Lake,1998,106,2,355,4.4477,2.43893,3.91208,4.4477,,,,,,,
WAE,Fox Lake,1998,149,2,362,4.46759,2.28084,3.89268,4.46759,,,,,,,
WAE,Fox Lake,1998,13,2,368,5.36597,2.79196,4.59952,5.36597,,,,,,,
WAE,Fox Lake,1998,89,2,369,4.97056,3.1259,4.46439,4.97056,,,,,,,
WAE,Fox Lake,1998,150,2,378,4.25242,2.28295,3.82744,4.25242,,,,,,,
WAE,Fox Lake,1998,145,2,383,5.10594,2.77749,4.80964,5.10594,,,,,,,
WAE,Fox Lake,1998,107,2,387,5.0546,2.45163,4.27778,5.0546,,,,,,,
WAE,Fox Lake,1998,151,2,389,5.19183,2.66447,4.36354,5.19183,,,,,,,
WAE,Fox Lake,1998,153,2,392,5.0127,2.48923,4.0858,5.0127,,,,,,,
WAE,Fox Lake,1998,152,2,392,4.76694,2.44919,4.08146,4.76694,,,,,,,
WAE,Fox Lake,1998,88,2,399,5.13942,2.7345,4.4603,5.13942,,,,,,,
WAE,Fox Lake,1998,102,2,400,5.0589,2.49134,4.59531,5.0589,,,,,,,
WAE,Fox Lake,1998,109,2,419,5.28798,2.71252,4.49423,5.28798,,,,,,,
WAE,Fox Lake,1998,108,3,415,5.45616,2.68964,4.3622,5.05921,5.45616,,,,,,
WAE,Fox Lake,1998,103,3,466,6.10151,1.08003,4.00531,5.407,6.10151,,,,,,
WAE,Fox Lake,1998,144,3,478,5.05923,2.39593,4.03309,4.78001,5.05923,,,,,,
WAE,Fox Lake,1998,90,3,480,5.58406,2.0328,4.20008,5.24512,5.58406,,,,,,
WAE,Fox Lake,1998,91,3,481,6.54523,2.80461,4.35405,5.55429,6.54523,,,,,,
WAE,Fox Lake,1998,105,3,486,5.63459,1.87766,3.74867,4.93607,5.63459,,,,,,
WAE,Fox Lake,1998,147,3,511,5.83861,2.22797,4.15506,5.35149,5.83861,,,,,,
WAE,Fox Lake,1998,134,5,522,5.857,1.09018,2.87043,4.54458,5.15197,5.57954,5.857,,,,
WAE,Fox Lake,1998,148,5,550,6.54932,2.34534,3.90526,5.35757,6.10044,6.41799,6.54932,,,,
WAE,Fox Lake,1998,146,5,587,6.32898,0.78804,2.28823,4.30534,5.06737,5.75102,6.32898,,,,
WAE,Fox Lake,1998,133,5,595,6.3883,1.39939,3.87585,4.85171,5.50793,6.02437,6.3883,,,,
WAE,Fox Lake,1998,14,7,650,6.76428,1.06762,2.50819,3.1686,4.25621,5.79996,6.19096,6.5102,6.76428,,
YEP,Fox Lake,1998,125,1,145,2.33938,1.29968,2.33938,,,,,,,,
YEP,Fox Lake,1998,120,1,152,2.27785,1.14145,2.27785,,,,,,,,
YEP,Fox Lake,1998,5,1,153,2.58667,1.53142,2.58667,,,,,,,,
YEP,Fox Lake,1998,118,1,155,2.56974,1.46964,2.56974,,,,,,,,
YEP,Fox Lake,1998,122,1,158,2.60566,1.41397,2.60566,,,,,,,,
YEP,Fox Lake,1998,121,1,159,2.21827,1.20662,2.21827,,,,,,,,
YEP,Fox Lake,1998,8,1,162,2.62074,1.44571,2.62074,,,,,,,,
YEP,Fox Lake,1998,6,1,164,2.9085,1.66373,2.9085,,,,,,,,
YEP,Fox Lake,1998,11,1,164,2.4642,1.35343,2.4642,,,,,,,,
YEP,Fox Lake,1998,10,1,167,2.7284,1.37798,2.7284,,,,,,,,
YEP,Fox Lake,1998,9,1,169,2.98249,1.75928,2.98249,,,,,,,,
YEP,Fox Lake,1998,124,1,170,2.8263,1.39074,2.8263,,,,,,,,
YEP,Fox Lake,1998,4,1,171,2.62045,1.42047,2.62045,,,,,,,,
YEP,Fox Lake,1998,123,1,172,2.8879,1.68533,2.8879,,,,,,,,
YEP,Fox Lake,1998,81,1,177,3.13482,1.86136,3.13482,,,,,,,,
YEP,Fox Lake,1998,119,1,177,2.74704,1.48352,2.74704,,,,,,,,
YEP,Fox Lake,1998,84,1,186,3.20726,1.56703,3.20726,,,,,,,,
YEP,Fox Lake,1998,114,1,210,3.48088,1.58116,3.48088,,,,,,,,
YEP,Fox Lake,1998,3,2,182,3.15177,1.61822,2.47468,3.15177,,,,,,,
YEP,Fox Lake,1998,117,2,188,3.14334,1.34005,2.49978,3.14334,,,,,,,
YEP,Fox Lake,1998,110,2,192,3.3782,1.60662,2.88925,3.3782,,,,,,,
YEP,Fox Lake,1998,83,2,195,3.30835,1.55787,3.06285,3.30835,,,,,,,
YEP,Fox Lake,1998,82,2,197,3.8398,1.81195,3.42695,3.8398,,,,,,,
YEP,Fox Lake,1998,115,2,197,3.50097,1.54945,2.8767,3.50097,,,,,,,
YEP,Fox Lake,1998,87,2,200,3.91805,1.93268,3.46401,3.91805,,,,,,,
YEP,Fox Lake,1998,86,2,200,3.48246,1.82929,3.08236,3.48246,,,,,,,
YEP,Fox Lake,1998,80,2,201,4.02419,1.64256,3.46296,4.02419,,,,,,,
YEP,Fox Lake,1998,12,2,206,3.48105,1.26927,3.0279,3.48105,,,,,,,
YEP,Fox Lake,1998,85,2,207,3.48525,1.56052,3.10406,3.48525,,,,,,,
YEP,Fox Lake,1998,112,2,213,3.7551,1.86113,3.55858,3.7551,,,,,,,
YEP,Fox Lake,1998,7,2,216,3.74594,1.81627,3.36636,3.74594,,,,,,,
YEP,Fox Lake,1998,113,2,217,3.53509,1.83727,3.24959,3.53509,,,,,,,
YEP,Fox Lake,1998,111,2,218,3.95875,1.58049,3.71529,3.95875,,,,,,,
WAE,Iowa Lake,1998,1,0,218,2.50194,2.50194,,,,,,,,,
WAE,Iowa Lake,1998,85,0,224,2.6212,2.6212,,,,,,,,,
WAE,Iowa Lake,1998,84,0,228,2.73538,2.73538,,,,,,,,,
WAE,Iowa Lake,1998,74,1,378,4.51553,2.64621,4.51553,,,,,,,,
WAE,Iowa Lake,1998,75,1,380,5.29405,2.97742,5.29405,,,,,,,,
YEP,Iowa Lake,1998,7,1,150,2.69076,1.43545,2.69076,,,,,,,,
YEP,Iowa Lake,1998,8,1,154,2.57601,1.28483,2.57601,,,,,,,,
YEP,Iowa Lake,1998,83,2,153,2.57978,0.98405,2.00126,2.57978,,,,,,,
YEP,Iowa Lake,1998,79,2,158,2.86176,1.28618,2.34113,2.86176,,,,,,,
YEP,Iowa Lake,1998,81,2,158,2.61419,1.28417,2.12384,2.61419,,,,,,,
YEP,Iowa Lake,1998,80,2,163,2.90095,1.41959,2.43902,2.90095,,,,,,,
YEP,Iowa Lake,1998,4,2,167,3.28507,1.61925,2.6924,3.28507,,,,,,,
YEP,Iowa Lake,1998,6,2,170,2.80362,1.31513,2.26203,2.80362,,,,,,,
YEP,Iowa Lake,1998,2,2,181,3.14963,1.96684,2.75168,3.14963,,,,,,,
YEP,Iowa Lake,1998,82,2,184,3.22926,1.89815,2.79718,3.22926,,,,,,,
YEP,Iowa Lake,1998,3,2,184,3.09271,1.25527,2.56148,3.09271,,,,,,,
YEP,Iowa Lake,1998,24,2,188,3.56094,2.01896,2.92625,3.56094,,,,,,,
YEP,Iowa Lake,1998,71,2,192,3.58145,1.21088,2.72682,3.58145,,,,,,,
YEP,Iowa Lake,1998,22,2,197,3.21477,1.12023,2.48211,3.21477,,,,,,,
YEP,Iowa Lake,1998,25,2,203,3.6271,1.25977,2.83074,3.6271,,,,,,,
YEP,Iowa Lake,1998,5,2,205,3.43318,0.98039,2.59691,3.43318,,,,,,,
YEP,Iowa Lake,1998,78,3,190,3.68397,1.42906,2.30984,3.1081,3.68397,,,,,,
YEP,Iowa Lake,1998,11,3,200,3.63107,1.10702,2.79169,3.30972,3.63107,,,,,,
YEP,Iowa Lake,1998,23,3,208,3.47519,1.11232,2.4544,3.1086,3.47519,,,,,,
YEP,Iowa Lake,1998,12,3,209,3.462,1.1674,2.31392,3.1195,3.462,,,,,,
YEP,Iowa Lake,1998,14,3,215,3.44551,1.33862,2.15788,3.02552,3.44551,,,,,,
YEP,Iowa Lake,1998,19,3,216,3.51459,1.24037,2.44496,3.17154,3.51459,,,,,,
YEP,Iowa Lake,1998,20,3,216,3.62821,1.2045,2.18274,3.16674,3.62821,,,,,,
YEP,Iowa Lake,1998,18,3,217,4.02592,1.30619,2.42378,3.44326,4.02592,,,,,,
YEP,Iowa Lake,1998,16,3,218,4.41589,1.46054,2.75831,3.81666,4.41589,,,,,,
YEP,Iowa Lake,1998,10,3,221,4.13864,1.19749,2.27402,3.47188,4.13864,,,,,,
YEP,Iowa Lake,1998,26,3,244,4.09121,1.3559,2.56608,3.4824,4.09121,,,,,,
YEP,Iowa Lake,1998,21,4,221,4.02599,1.39209,2.26127,2.84888,3.57245,4.02599,,,,,
YEP,Iowa Lake,1998,13,4,226,4.05617,1.31323,2.28946,2.75457,3.48649,4.05617,,,,,
YEP,Iowa Lake,1998,15,4,228,4.27664,1.34401,2.46703,2.98147,3.898,4.27664,,,,,
YEP,Iowa Lake,1998,27,4,231,3.80179,1.29877,2.15095,2.69919,3.34652,3.80179,,,,,
YEP,Iowa Lake,1998,72,4,232,4.15188,1.67929,2.83018,3.41927,3.87462,4.15188,,,,,
YEP,Iowa Lake,1998,31,4,232,3.79555,1.33041,2.192,2.67849,3.22008,3.79555,,,,,
YEP,Iowa Lake,1998,9,4,233,4.56769,1.24773,2.53116,3.26945,4.12978,4.56769,,,,,
YEP,Iowa Lake,1998,28,4,233,4.66638,1.43673,2.76811,3.65434,4.14812,4.66638,,,,,
YEP,Iowa Lake,1998,76,4,240,4.33576,1.53268,2.63351,3.20091,3.85064,4.33576,,,,,
YEP,Iowa Lake,1998,73,4,245,3.78993,1.38355,2.77795,3.24849,3.59124,3.78993,,,,,
YEP,Iowa Lake,1998,29,4,247,4.92557,1.8104,3.34455,4.0769,4.37532,4.92557,,,,,
YEP,Iowa Lake,1998,17,5,225,4.16318,1.59684,2.66447,3.09245,3.48311,3.88764,4.16318,,,,
YEP,Iowa Lake,1998,30,5,247,4.21448,1.0769,2.6483,3.16097,3.66434,4.04913,4.21448,,,,
WAE,Lake Okamanpeedan,1998,86,1,230,2.95067,2.54636,2.95067,,,,,,,,
WAE,Lake Okamanpeedan,1998,84,1,231,2.44053,2.09565,2.44053,,,,,,,,
WAE,Lake Okamanpeedan,1998,48,1,231,2.44914,2.08068,2.44914,,,,,,,,
WAE,Lake Okamanpeedan,1998,85,1,239,2.98454,2.60992,2.98454,,,,,,,,
WAE,Lake Okamanpeedan,1998,20,2,381,4.96011,2.63048,4.59921,4.96011,,,,,,,
WAE,Lake Okamanpeedan,1998,45,2,385,4.9023,2.18235,4.55944,4.9023,,,,,,,
WAE,Lake Okamanpeedan,1998,19,2,387,5.42078,2.43424,5.1054,5.42078,,,,,,,
WAE,Lake Okamanpeedan,1998,17,2,387,4.37733,1.95793,4.16139,4.37733,,,,,,,
WAE,Lake Okamanpeedan,1998,81,2,393,5.199,2.31994,4.80311,5.199,,,,,,,
WAE,Lake Okamanpeedan,1998,50,2,394,5.0271,2.428,4.83449,5.0271,,,,,,,
WAE,Lake Okamanpeedan,1998,80,2,397,4.89488,2.27002,4.58341,4.89488,,,,,,,
WAE,Lake Okamanpeedan,1998,49,2,400,4.92893,2.36473,4.50964,4.92893,,,,,,,
WAE,Lake Okamanpeedan,1998,9,2,400,5.06307,2.33349,4.70333,5.06307,,,,,,,
WAE,Lake Okamanpeedan,1998,46,2,402,5.26314,2.56757,4.86107,5.26314,,,,,,,
WAE,Lake Okamanpeedan,1998,16,2,402,4.8361,2.29673,4.51919,4.8361,,,,,,,
WAE,Lake Okamanpeedan,1998,2,2,404,5.3516,2.5466,4.96361,5.3516,,,,,,,
WAE,Lake Okamanpeedan,1998,7,2,411,5.84903,3.10962,5.53386,5.84903,,,,,,,
WAE,Lake Okamanpeedan,1998,8,2,416,5.42948,2.59,5.13406,5.42948,,,,,,,
WAE,Lake Okamanpeedan,1998,18,2,417,4.18248,1.8011,3.84744,4.18248,,,,,,,
WAE,Lake Okamanpeedan,1998,6,3,452,5.93302,2.19075,4.56565,5.74683,5.93302,,,,,,
WAE,Lake Okamanpeedan,1998,21,3,473,5.76587,2.31201,4.26301,5.42925,5.76587,,,,,,
WAE,Lake Okamanpeedan,1998,4,3,505,6.03277,2.14942,4.23987,5.7984,6.03277,,,,,,
WAE,Lake Okamanpeedan,1998,47,4,449,5.4739,2.16325,4.46425,4.95574,5.33834,5.4739,,,,,
WAE,Lake Okamanpeedan,1998,5,5,531,6.25271,2.20984,3.94337,5.13716,5.69596,6.11937,6.25271,,,,
WAE,Lake Okamanpeedan,1998,79,5,554,6.51933,2.53371,4.69689,5.83355,6.21878,6.44313,6.51933,,,,
WAE,Lake Okamanpeedan,1998,77,5,568,7.28559,2.00906,4.90658,6.05798,6.729,7.17975,7.28559,,,,
WAE,Lake Okamanpeedan,1998,1,7,606,6.94275,2.49347,4.40691,5.4356,5.96477,6.58712,6.76915,6.88771,6.94275,,
YEP,Lake Okamanpeedan,1998,27,2,134,2.0796,0.8172,1.62592,2.0796,,,,,,,
YEP,Lake Okamanpeedan,1998,40,2,137,2.29884,0.99273,1.91389,2.29884,,,,,,,
YEP,Lake Okamanpeedan,1998,25,2,137,2.37937,1.17067,1.94371,2.37937,,,,,,,
YEP,Lake Okamanpeedan,1998,43,2,139,2.34142,0.92083,1.91773,2.34142,,,,,,,
YEP,Lake Okamanpeedan,1998,44,2,139,2.74538,1.2602,2.45763,2.74538,,,,,,,
YEP,Lake Okamanpeedan,1998,31,2,141,2.43843,0.94833,2.1548,2.43843,,,,,,,
YEP,Lake Okamanpeedan,1998,23,2,142,2.50639,1.1105,2.09585,2.50639,,,,,,,
YEP,Lake Okamanpeedan,1998,32,2,145,2.45534,1.00757,2.09148,2.45534,,,,,,,
YEP,Lake Okamanpeedan,1998,29,2,146,2.80862,1.06282,2.38348,2.80862,,,,,,,
YEP,Lake Okamanpeedan,1998,22,2,146,3.02271,1.14556,2.64584,3.02271,,,,,,,
YEP,Lake Okamanpeedan,1998,39,2,151,2.96123,1.15673,2.55728,2.96123,,,,,,,
YEP,Lake Okamanpeedan,1998,38,2,152,3.53321,1.63492,2.96204,3.53321,,,,,,,
YEP,Lake Okamanpeedan,1998,88,2,155,2.68877,0.94694,2.43141,2.68877,,,,,,,
YEP,Lake Okamanpeedan,1998,37,2,155,2.94657,1.11342,2.49999,2.94657,,,,,,,
YEP,Lake Okamanpeedan,1998,35,3,156,2.67547,0.83837,1.94733,2.52741,2.67547,,,,,,
YEP,Lake Okamanpeedan,1998,26,3,165,2.80458,0.70924,1.8183,2.46381,2.80458,,,,,,
YEP,Lake Okamanpeedan,1998,34,3,165,2.89171,0.92463,2.10063,2.69697,2.89171,,,,,,
YEP,Lake Okamanpeedan,1998,33,3,167,3.21118,0.75088,1.94524,2.95302,3.21118,,,,,,
YEP,Lake Okamanpeedan,1998,30,3,167,3.32531,1.09628,2.28432,3.0163,3.32531,,,,,,
YEP,Lake Okamanpeedan,1998,42,3,167,3.038,0.75595,1.90924,2.756,3.038,,,,,,
YEP,Lake Okamanpeedan,1998,24,3,170,3.52861,0.99739,2.61682,3.27027,3.52861,,,,,,
YEP,Lake Okamanpeedan,1998,87,3,177,3.10576,0.76275,1.9114,2.82201,3.10576,,,,,,
YEP,Lake Okamanpeedan,1998,28,3,177,2.843,1.1796,2.03743,2.58751,2.843,,,,,,
YEP,Lake Okamanpeedan,1998,41,3,178,3.21395,1.07782,2.03123,3.10893,3.21395,,,,,,
YEP,Lake Okamanpeedan,1998,54,3,182,3.62821,0.94591,2.6247,3.32782,3.62821,,,,,,
YEP,Lake Okamanpeedan,1998,55,4,184,3.76145,1.37035,2.62808,3.21602,3.64294,3.76145,,,,,
YEP,Lake Okamanpeedan,1998,36,4,185,3.95448,1.62719,2.66081,3.42788,3.87421,3.95448,,,,,
YEP,Lake Okamanpeedan,1998,56,4,185,3.49123,1.24512,2.45367,3.0124,3.36823,3.49123,,,,,
WAE,Lake Sarah,1998,79,1,236,2.92024,2.3494,2.92024,,,,,,,,
WAE,Lake Sarah,1998,85,1,243,2.37381,1.92955,2.37381,,,,,,,,
WAE,Lake Sarah,1998,157,2,284,3.54542,1.43737,3.21311,3.54542,,,,,,,
WAE,Lake Sarah,1998,120,2,313,4.12754,1.61758,3.68306,4.12754,,,,,,,
WAE,Lake Sarah,1998,118,2,316,4.36462,1.56439,3.97727,4.36462,,,,,,,
WAE,Lake Sarah,1998,121,2,318,3.5052,1.64721,3.29565,3.5052,,,,,,,
WAE,Lake Sarah,1998,86,2,318,4.12609,1.44407,3.78309,4.12609,,,,,,,
WAE,Lake Sarah,1998,113,2,318,4.54664,1.57904,4.17223,4.54664,,,,,,,
WAE,Lake Sarah,1998,117,2,318,3.94783,1.49648,3.58674,3.94783,,,,,,,
WAE,Lake Sarah,1998,145,2,320,3.69162,1.35679,3.36763,3.69162,,,,,,,
WAE,Lake Sarah,1998,83,2,320,4.2846,1.75729,3.97984,4.2846,,,,,,,
WAE,Lake Sarah,1998,160,2,322,4.24228,1.53258,3.78673,4.24228,,,,,,,
WAE,Lake Sarah,1998,143,2,322,4.12594,1.41884,3.73095,4.12594,,,,,,,
WAE,Lake Sarah,1998,81,2,328,3.97315,1.65765,3.66636,3.97315,,,,,,,
WAE,Lake Sarah,1998,146,2,329,4.52553,1.87333,4.19314,4.52553,,,,,,,
WAE,Lake Sarah,1998,84,2,331,4.32648,1.87756,4.08307,4.32648,,,,,,,
WAE,Lake Sarah,1998,80,2,331,3.85473,1.54306,3.61342,3.85473,,,,,,,
WAE,Lake Sarah,1998,179,2,334,4.1734,1.79638,3.84061,4.1734,,,,,,,
WAE,Lake Sarah,1998,138,2,340,2.39485,0.89402,2.15495,2.39485,,,,,,,
WAE,Lake Sarah,1998,140,2,344,2.55364,0.95645,2.23136,2.55364,,,,,,,
WAE,Lake Sarah,1998,109,2,345,2.70529,1.00176,2.4198,2.70529,,,,,,,
WAE,Lake Sarah,1998,105,2,348,3.01327,1.016,2.66102,3.01327,,,,,,,
WAE,Lake Sarah,1998,139,2,352,2.95275,1.12183,2.70935,2.95275,,,,,,,
WAE,Lake Sarah,1998,70,2,354,3.06554,1.13397,2.75691,3.06554,,,,,,,
WAE,Lake Sarah,1998,144,2,386,4.01533,1.82289,3.74656,4.01533,,,,,,,
WAE,Lake Sarah,1998,158,3,390,4.75969,1.59214,3.71626,4.62696,4.75969,,,,,,
WAE,Lake Sarah,1998,178,3,410,4.70993,1.64703,3.6371,4.59761,4.70993,,,,,,
WAE,Lake Sarah,1998,147,3,419,5.12447,2.10608,4.07253,5.01229,5.12447,,,,,,
WAE,Lake Sarah,1998,181,3,421,5.97571,2.14859,4.32684,5.7068,5.97571,,,,,,
WAE,Lake Sarah,1998,87,3,422,5.74272,1.95157,4.16266,5.56061,5.74272,,,,,,
WAE,Lake Sarah,1998,88,3,425,5.69392,2.21616,4.2418,5.54169,5.69392,,,,,,
WAE,Lake Sarah,1998,100,3,441,3.3782,1.14098,2.42436,3.17501,3.3782,,,,,,
WAE,Lake Sarah,1998,99,3,445,3.67758,1.43586,2.69548,3.52486,3.67758,,,,,,
WAE,Lake Sarah,1998,92,3,448,5.41022,1.99021,4.03043,5.18397,5.41022,,,,,,
WAE,Lake Sarah,1998,123,3,452,6.03871,1.94543,4.25864,5.6515,6.03871,,,,,,
WAE,Lake Sarah,1998,73,3,461,3.75543,1.34663,2.79477,3.62624,3.75543,,,,,,
WAE,Lake Sarah,1998,97,4,453,5.65785,2.11147,4.14454,5.08864,5.42925,5.65785,,,,,
WAE,Lake Sarah,1998,177,4,455,6.05438,2.23958,4.29051,5.21677,5.86685,6.05438,,,,,
WAE,Lake Sarah,1998,42,4,461,6.12024,1.78689,4.23811,5.31596,6.00656,6.12024,,,,,
WAE,Lake Sarah,1998,162,4,467,5.91323,2.48465,4.52567,5.35479,5.76507,5.91323,,,,,
WAE,Lake Sarah,1998,148,4,474,5.69809,2.06883,4.14449,5.08859,5.53957,5.69809,,,,,
WAE,Lake Sarah,1998,137,4,476,3.46747,1.14665,2.30215,2.93011,3.29191,3.46747,,,,,
WAE,Lake Sarah,1998,40,4,481,6.18983,2.72842,4.7309,5.44854,6.01196,6.18983,,,,,
WAE,Lake Sarah,1998,108,4,504,3.79649,1.39051,2.96268,3.38757,3.71391,3.79649,,,,,
WAE,Lake Sarah,1998,161,4,506,6.57662,2.19922,4.58682,5.74484,6.42,6.57662,,,,,
WAE,Lake Sarah,1998,149,4,510,6.63809,2.12975,4.4281,5.57752,6.47507,6.63809,,,,,
WAE,Lake Sarah,1998,98,4,516,7.1145,2.27797,4.62985,5.9124,6.94104,7.1145,,,,,
WAE,Lake Sarah,1998,75,4,518,3.54387,1.02941,2.34413,2.94188,3.45322,3.54387,,,,,
WAE,Lake Sarah,1998,91,4,522,7.17769,2.96758,5.18374,6.23147,7.02735,7.17769,,,,,
WAE,Lake Sarah,1998,166,4,522,6.9533,2.03412,4.43699,5.86747,6.74184,6.9533,,,,,
WAE,Lake Sarah,1998,104,4,523,3.93284,1.64685,2.91957,3.38064,3.8249,3.93284,,,,,
WAE,Lake Sarah,1998,93,4,526,5.71926,1.78876,3.85614,4.79326,5.57315,5.71926,,,,,
WAE,Lake Sarah,1998,82,4,530,6.24632,2.03293,4.06011,5.19859,6.03674,6.24632,,,,,
WAE,Lake Sarah,1998,72,4,530,3.55038,1.18422,2.43262,2.96311,3.41685,3.55038,,,,,
WAE,Lake Sarah,1998,74,4,530,3.91828,1.4504,2.68104,3.3217,3.7597,3.91828,,,,,
WAE,Lake Sarah,1998,1,4,530,4.36183,1.32424,2.85946,3.60854,4.11639,4.36183,,,,,
WAE,Lake Sarah,1998,90,4,533,5.78077,1.79796,3.57996,4.69596,5.52494,5.78077,,,,,
WAE,Lake Sarah,1998,125,4,533,6.60823,2.15903,4.43654,5.59647,6.31825,6.60823,,,,,
WAE,Lake Sarah,1998,94,4,537,6.33943,1.81826,3.94971,5.21772,6.02198,6.33943,,,,,
WAE,Lake Sarah,1998,150,4,550,6.18409,2.3622,4.30742,5.17136,5.89347,6.18409,,,,,
WAE,Lake Sarah,1998,124,4,555,6.68344,2.13788,4.23008,5.47657,6.48887,6.68344,,,,,
WAE,Lake Sarah,1998,159,5,484,6.34789,2.00454,4.2397,5.25357,5.88435,6.22089,6.34789,,,,
WAE,Lake Sarah,1998,41,5,498,6.27217,1.86267,3.96456,5.19232,5.74048,6.17064,6.27217,,,,
WAE,Lake Sarah,1998,76,5,506,3.79087,1.00114,2.41578,3.31413,3.53323,3.7081,3.79087,,,,
WAE,Lake Sarah,1998,43,5,527,6.65433,1.29437,3.73221,5.32578,6.22462,6.55676,6.65433,,,,
WAE,Lake Sarah,1998,71,5,545,4.00302,1.23227,2.65723,3.23733,3.67924,3.89307,4.00302,,,,
WAE,Lake Sarah,1998,176,5,550,7.59919,3.3212,5.57788,6.39728,7.05366,7.44493,7.59919,,,,
WAE,Lake Sarah,1998,165,5,562,6.51092,2.0556,3.99431,5.22632,5.85476,6.32253,6.51092,,,,
WAE,Lake Sarah,1998,69,5,568,3.7653,0.92068,2.45914,2.93609,3.39001,3.65708,3.7653,,,,
WAE,Lake Sarah,1998,68,5,582,3.86164,0.89174,2.4142,2.99817,3.44687,3.6946,3.86164,,,,
WAE,Lake Sarah,1998,96,5,593,5.63996,1.51778,3.58937,4.58573,5.11968,5.46207,5.63996,,,,
WAE,Lake Sarah,1998,164,6,543,6.89402,2.0363,4.28625,5.63881,6.28016,6.59133,6.79027,6.89402,,,
WAE,Lake Sarah,1998,151,6,585,7.16764,2.1288,4.10534,5.63784,6.31907,6.71695,7.01537,7.16764,,,
WAE,Lake Sarah,1998,180,6,624,7.12138,1.4813,3.50735,5.07942,5.91947,6.55639,6.96028,7.12138,,,
WAE,Lake Sarah,1998,77,6,625,4.0974,0.98634,2.33497,3.0317,3.48981,3.77985,3.9768,4.0974,,,
WAE,Lake Sarah,1998,155,6,650,4.6335,1.53819,2.84199,3.53125,4.03438,4.33057,4.55926,4.6335,,,
WAE,Lake Sarah,1998,95,7,572,6.91758,2.5432,4.72748,5.68588,6.10471,6.49213,6.76323,6.86886,6.91758,,
WAE,Lake Sarah,1998,163,8,642,7.79955,2.46021,4.42336,5.69181,6.38617,6.88538,7.3085,7.53719,7.71053,7.79955,
YEP,Lake Sarah,1998,141,1,136,2.29494,1.5991,2.29494,,,,,,,,
YEP,Lake Sarah,1998,152,1,137,1.40866,0.88079,1.40866,,,,,,,,
YEP,Lake Sarah,1998,112,1,149,1.79559,1.30512,1.79559,,,,,,,,
YEP,Lake Sarah,1998,187,1,169,1.79322,1.26647,1.79322,,,,,,,,
YEP,Lake Sarah,1998,142,2,157,2.63713,1.01495,2.16995,2.63713,,,,,,,
YEP,Lake Sarah,1998,111,2,173,2.37959,0.73173,1.9526,2.37959,,,,,,,
YEP,Lake Sarah,1998,116,2,175,2.76883,0.68653,1.97716,2.76883,,,,,,,
YEP,Lake Sarah,1998,114,2,178,2.90858,0.89468,2.26701,2.90858,,,,,,,
YEP,Lake Sarah,1998,28,2,179,3.40355,1.13678,2.78576,3.40355,,,,,,,
YEP,Lake Sarah,1998,33,2,180,3.56698,1.14762,2.99935,3.56698,,,,,,,
YEP,Lake Sarah,1998,78,2,182,3.205,1.08124,2.58301,3.205,,,,,,,
YEP,Lake Sarah,1998,35,2,183,3.32106,1.12822,2.63527,3.32106,,,,,,,
YEP,Lake Sarah,1998,29,2,185,3.08629,0.73902,2.34964,3.08629,,,,,,,
YEP,Lake Sarah,1998,34,2,186,3.20244,1.09043,2.53506,3.20244,,,,,,,
YEP,Lake Sarah,1998,110,2,192,2.42184,0.6359,1.94339,2.42184,,,,,,,
YEP,Lake Sarah,1998,25,2,193,3.64583,0.97798,2.89406,3.64583,,,,,,,
YEP,Lake Sarah,1998,115,2,196,2.96784,1.06311,2.37101,2.96784,,,,,,,
YEP,Lake Sarah,1998,20,2,200,3.62749,1.10374,2.98004,3.62749,,,,,,,
YEP,Lake Sarah,1998,14,2,200,3.73515,1.19862,3.16307,3.73515,,,,,,,
YEP,Lake Sarah,1998,27,2,201,3.69587,1.35692,3.19016,3.69587,,,,,,,
YEP,Lake Sarah,1998,23,2,206,3.87563,1.42452,3.3401,3.87563,,,,,,,
YEP,Lake Sarah,1998,19,2,209,3.61035,0.94027,2.94516,3.61035,,,,,,,
YEP,Lake Sarah,1998,106,2,212,3.11185,0.96376,2.52988,3.11185,,,,,,,
YEP,Lake Sarah,1998,107,2,212,2.92737,0.81985,2.3368,2.92737,,,,,,,
YEP,Lake Sarah,1998,18,2,215,3.88832,1.46724,3.38457,3.88832,,,,,,,
YEP,Lake Sarah,1998,22,2,215,3.87297,1.26324,3.24099,3.87297,,,,,,,
YEP,Lake Sarah,1998,89,2,217,3.85558,1.21174,3.32882,3.85558,,,,,,,
YEP,Lake Sarah,1998,156,2,222,3.67998,2.10344,3.41272,3.67998,,,,,,,
YEP,Lake Sarah,1998,21,2,222,3.21135,1.62192,2.8154,3.21135,,,,,,,
YEP,Lake Sarah,1998,184,2,224,3.41999,1.78749,2.9273,3.41999,,,,,,,
YEP,Lake Sarah,1998,103,2,247,2.66761,1.459,2.33281,2.66761,,,,,,,
YEP,Lake Sarah,1998,101,2,248,3.28282,0.94224,2.56173,3.28282,,,,,,,
YEP,Lake Sarah,1998,24,3,190,3.22509,0.81069,1.51471,2.47379,3.22509,,,,,,
YEP,Lake Sarah,1998,119,3,199,3.4536,0.87885,1.7778,2.77618,3.4536,,,,,,
YEP,Lake Sarah,1998,15,3,223,4.04363,1.1401,2.46504,3.69201,4.04363,,,,,,
YEP,Lake Sarah,1998,185,3,228,4.32654,1.30753,2.71319,3.68996,4.32654,,,,,,
YEP,Lake Sarah,1998,13,3,231,4.46991,1.05864,2.95566,3.96464,4.46991,,,,,,
YEP,Lake Sarah,1998,182,3,235,4.43055,2.19923,3.22172,4.04289,4.43055,,,,,,
YEP,Lake Sarah,1998,186,3,235,4.01548,0.78409,2.23282,3.74707,4.01548,,,,,,
YEP,Lake Sarah,1998,183,3,238,4.12298,0.82974,2.78914,3.79401,4.12298,,,,,,
YEP,Lake Sarah,1998,26,3,239,3.93678,1.06705,2.65675,3.56859,3.93678,,,,,,
YEP,Lake Sarah,1998,37,3,240,4.08816,0.9847,2.77825,3.72545,4.08816,,,,,,
YEP,Lake Sarah,1998,30,3,246,5.13622,1.52302,3.6446,4.82868,5.13622,,,,,,
YEP,Lake Sarah,1998,32,3,246,4.22806,1.08771,2.89062,3.95214,4.22806,,,,,,
YEP,Lake Sarah,1998,17,3,250,4.52631,0.98345,3.14784,4.23471,4.52631,,,,,,
YEP,Lake Sarah,1998,38,3,251,4.41229,1.19189,2.56282,3.99044,4.41229,,,,,,
YEP,Lake Sarah,1998,4,3,252,4.90983,1.00992,3.23676,4.45117,4.90983,,,,,,
YEP,Lake Sarah,1998,16,3,255,4.83898,1.29464,3.37465,4.47511,4.83898,,,,,,
YEP,Lake Sarah,1998,39,3,255,4.32868,0.7092,2.35612,3.90102,4.32868,,,,,,
YEP,Lake Sarah,1998,102,3,260,3.35312,0.76557,2.0344,3.05933,3.35312,,,,,,
YEP,Lake Sarah,1998,11,3,261,5.00699,1.2418,3.78538,4.57549,5.00699,,,,,,
YEP,Lake Sarah,1998,10,3,264,4.93627,1.1994,3.36001,4.50884,4.93627,,,,,,
YEP,Lake Sarah,1998,12,3,265,5.05726,1.35896,3.53537,4.72694,5.05726,,,,,,
YEP,Lake Sarah,1998,5,3,272,4.77343,1.20258,3.12553,4.3864,4.77343,,,,,,
YEP,Lake Sarah,1998,31,4,267,4.95944,0.76275,2.267,4.3437,4.7837,4.95944,,,,,
YEP,Lake Sarah,1998,6,4,275,4.89682,0.87275,2.53538,4.13531,4.60925,4.89682,,,,,
YEP,Lake Sarah,1998,3,4,276,5.37036,0.99475,3.23368,4.528,5.06993,5.37036,,,,,
YEP,Lake Sarah,1998,2,4,278,4.00063,0.68019,1.97733,3.22204,3.79098,4.00063,,,,,
YEP,Lake Sarah,1998,7,4,279,4.72472,0.83677,2.7182,4.04291,4.49397,4.72472,,,,,
YEP,Lake Sarah,1998,36,4,280,5.66035,0.86786,2.93642,4.39469,5.40402,5.66035,,,,,
YEP,Lake Sarah,1998,8,4,282,4.9405,0.86099,2.75595,4.164,4.72445,4.9405,,,,,
YEP,Lake Sarah,1998,9,4,284,4.34791,0.86779,2.4416,3.70495,4.15762,4.34791,,,,,
YEP,Lake Sarah,1998,122,4,286,5.34041,1.13666,2.88116,4.55296,5.10963,5.34041,,,,,
YEP,Lake Sarah,1998,175,4,287,5.0018,1.11002,3.02129,4.36464,4.76258,5.0018,,,,,
WAE,Lake Shetek,1998,155,1,185,2.16537,1.30404,2.16537,,,,,,,,
WAE,Lake Shetek,1998,153,1,189,1.90345,1.14968,1.90345,,,,,,,,
WAE,Lake Shetek,1998,171,1,190,2.02356,1.20874,2.02356,,,,,,,,
WAE,Lake Shetek,1998,85,1,191,1.97064,1.10493,1.97064,,,,,,,,
WAE,Lake Shetek,1998,172,1,197,2.13231,1.26591,2.13231,,,,,,,,
WAE,Lake Shetek,1998,175,1,198,2.17807,1.21509,2.17807,,,,,,,,
WAE,Lake Shetek,1998,154,1,205,2.25266,1.3825,2.25266,,,,,,,,
WAE,Lake Shetek,1998,48,1,207,2.17705,1.20141,2.17705,,,,,,,,
WAE,Lake Shetek,1998,87,1,208,2.63417,1.72783,2.63417,,,,,,,,
WAE,Lake Shetek,1998,174,1,209,2.41936,1.44359,2.41936,,,,,,,,
WAE,Lake Shetek,1998,170,1,212,2.76029,1.90953,2.76029,,,,,,,,
WAE,Lake Shetek,1998,51,1,212,2.07021,1.11761,2.07021,,,,,,,,
WAE,Lake Shetek,1998,152,1,216,2.57393,1.82137,2.57393,,,,,,,,
WAE,Lake Shetek,1998,173,2,218,2.84905,1.11996,2.23947,2.84905,,,,,,,
WAE,Lake Shetek,1998,84,2,220,2.72641,1.15586,2.07243,2.72641,,,,,,,
WAE,Lake Shetek,1998,86,2,233,2.69452,1.12415,2.13801,2.69452,,,,,,,
WAE,Lake Shetek,1998,30,2,236,2.58234,0.98651,2.00449,2.58234,,,,,,,
WAE,Lake Shetek,1998,49,2,236,2.71431,0.82447,1.85544,2.71431,,,,,,,
WAE,Lake Shetek,1998,22,2,236,2.88751,1.06917,2.17842,2.88751,,,,,,,
WAE,Lake Shetek,1998,80,2,237,3.11806,1.0208,2.20809,3.11806,,,,,,,
WAE,Lake Shetek,1998,95,2,240,2.66494,0.83907,1.97507,2.66494,,,,,,,
WAE,Lake Shetek,1998,79,2,244,2.81132,1.05966,2.1067,2.81132,,,,,,,
WAE,Lake Shetek,1998,78,2,245,3.37608,1.21074,2.58032,3.37608,,,,,,,
WAE,Lake Shetek,1998,50,2,248,3.46218,1.06311,2.69847,3.46218,,,,,,,
WAE,Lake Shetek,1998,83,2,248,3.10157,1.03201,2.32727,3.10157,,,,,,,
WAE,Lake Shetek,1998,25,2,252,2.70727,0.84762,1.73794,2.70727,,,,,,,
WAE,Lake Shetek,1998,28,2,256,3.57573,1.18238,2.64105,3.57573,,,,,,,
WAE,Lake Shetek,1998,29,2,258,3.28374,1.07105,2.61665,3.28374,,,,,,,
WAE,Lake Shetek,1998,24,2,258,3.16044,1.41222,2.44096,3.16044,,,,,,,
WAE,Lake Shetek,1998,27,2,258,3.10102,1.16417,2.20577,3.10102,,,,,,,
WAE,Lake Shetek,1998,20,2,260,3.77211,1.34637,3.09669,3.77211,,,,,,,
WAE,Lake Shetek,1998,10,2,260,3.75923,1.82098,3.19624,3.75923,,,,,,,
WAE,Lake Shetek,1998,9,2,263,3.11188,1.16009,2.55486,3.11188,,,,,,,
WAE,Lake Shetek,1998,23,2,264,3.03425,0.98702,2.31445,3.03425,,,,,,,
WAE,Lake Shetek,1998,26,2,267,2.69256,1.16421,2.09161,2.69256,,,,,,,
WAE,Lake Shetek,1998,21,2,272,3.12015,1.60051,2.67154,3.12015,,,,,,,
WAE,Lake Shetek,1998,31,2,272,3.46327,1.46686,2.71585,3.46327,,,,,,,
WAE,Lake Shetek,1998,94,2,274,2.9275,1.07602,2.33268,2.9275,,,,,,,
WAE,Lake Shetek,1998,147,2,277,3.26403,1.21285,2.60163,3.26403,,,,,,,
WAE,Lake Shetek,1998,96,2,278,3.32344,1.74455,3.03964,3.32344,,,,,,,
WAE,Lake Shetek,1998,146,2,280,3.92672,1.49444,3.58149,3.92672,,,,,,,
WAE,Lake Shetek,1998,77,2,283,3.6074,1.45454,2.9365,3.6074,,,,,,,
WAE,Lake Shetek,1998,144,2,285,3.78461,1.59602,3.20888,3.78461,,,,,,,
WAE,Lake Shetek,1998,145,2,285,4.22331,1.88854,3.59367,4.22331,,,,,,,
WAE,Lake Shetek,1998,76,2,288,3.97346,1.85028,3.44196,3.97346,,,,,,,
WAE,Lake Shetek,1998,103,2,290,3.74736,1.89656,3.20924,3.74736,,,,,,,
WAE,Lake Shetek,1998,99,2,290,4.12669,1.88845,3.42985,4.12669,,,,,,,
WAE,Lake Shetek,1998,14,2,292,4.25244,1.69334,3.41208,4.25244,,,,,,,
WAE,Lake Shetek,1998,101,2,293,3.74482,2.05544,3.18997,3.74482,,,,,,,
WAE,Lake Shetek,1998,75,2,297,3.83338,1.53036,3.01214,3.83338,,,,,,,
WAE,Lake Shetek,1998,74,2,300,3.59007,1.72101,3.10538,3.59007,,,,,,,
WAE,Lake Shetek,1998,177,2,303,3.48429,1.08169,3.027,3.48429,,,,,,,
WAE,Lake Shetek,1998,97,2,309,3.789,1.85078,3.14767,3.789,,,,,,,
WAE,Lake Shetek,1998,178,2,309,4.23984,1.39075,3.42511,4.23984,,,,,,,
WAE,Lake Shetek,1998,13,2,312,3.92853,0.81108,3.21098,3.92853,,,,,,,
WAE,Lake Shetek,1998,11,2,314,3.83608,1.31039,3.48434,3.83608,,,,,,,
WAE,Lake Shetek,1998,69,2,317,4.05771,1.79091,3.13485,4.05771,,,,,,,
WAE,Lake Shetek,1998,102,2,320,4.35477,1.51513,3.58596,4.35477,,,,,,,
WAE,Lake Shetek,1998,100,2,320,3.98019,1.84597,3.29262,3.98019,,,,,,,
WAE,Lake Shetek,1998,143,2,329,3.75523,1.00119,3.30673,3.75523,,,,,,,
WAE,Lake Shetek,1998,8,2,336,4.18678,1.34927,3.25548,4.18678,,,,,,,
WAE,Lake Shetek,1998,142,2,337,4.00514,1.81839,3.25765,4.00514,,,,,,,
WAE,Lake Shetek,1998,12,2,345,4.12787,2.08136,3.60893,4.12787,,,,,,,
WAE,Lake Shetek,1998,98,2,347,4.27191,1.34824,3.70111,4.27191,,,,,,,
WAE,Lake Shetek,1998,106,2,362,4.62498,2.13149,3.89266,4.62498,,,,,,,
WAE,Lake Shetek,1998,181,2,364,4.29084,1.61081,3.64714,4.29084,,,,,,,
WAE,Lake Shetek,1998,93,2,367,3.74657,1.04151,3.2385,3.74657,,,,,,,
WAE,Lake Shetek,1998,182,2,373,5.11214,1.76551,4.2949,5.11214,,,,,,,
WAE,Lake Shetek,1998,180,2,379,5.21124,2.12938,4.44935,5.21124,,,,,,,
WAE,Lake Shetek,1998,7,2,383,4.88757,1.82061,4.07459,4.88757,,,,,,,
WAE,Lake Shetek,1998,105,2,393,4.86883,2.22254,4.21282,4.86883,,,,,,,
WAE,Lake Shetek,1998,66,3,416,5.24733,1.37594,3.87184,4.79014,5.24733,,,,,,
WAE,Lake Shetek,1998,5,3,421,5.79406,2.22943,4.52004,5.41715,5.79406,,,,,,
WAE,Lake Shetek,1998,6,3,458,5.18848,2.10057,4.00111,4.64032,5.18848,,,,,,
WAE,Lake Shetek,1998,68,4,498,5.96275,2.36033,4.08314,5.09065,5.67914,5.96275,,,,,
WAE,Lake Shetek,1998,107,4,516,5.48881,2.18129,3.85732,4.77369,5.28972,5.48881,,,,,
WAE,Lake Shetek,1998,67,4,545,6.61471,2.48709,4.30325,5.35305,6.31197,6.61471,,,,,
WAE,Lake Shetek,1998,64,5,508,6.54525,1.72603,4.47679,5.60089,6.07314,6.4034,6.54525,,,,
WAE,Lake Shetek,1998,179,5,543,7.24545,2.62681,4.59985,5.87798,6.76489,7.12266,7.24545,,,,
WAE,Lake Shetek,1998,140,6,596,7.23076,3.27502,4.84083,5.74267,6.28242,6.63159,6.947,7.23076,,,
WAE,Lake Shetek,1998,141,6,630,6.96416,2.21415,3.76205,5.0806,5.81322,6.30412,6.75255,6.96416,,,
YEP,Lake Shetek,1998,53,1,147,2.92526,1.407,2.92526,,,,,,,,
YEP,Lake Shetek,1998,55,1,147,2.88597,1.19175,2.88597,,,,,,,,
YEP,Lake Shetek,1998,54,1,150,2.62732,1.56052,2.62732,,,,,,,,
YEP,Lake Shetek,1998,58,1,153,2.67462,0.96799,2.67462,,,,,,,,
YEP,Lake Shetek,1998,56,1,156,2.69738,1.25553,2.69738,,,,,,,,
YEP,Lake Shetek,1998,91,2,145,3.24911,1.12838,2.21615,3.24911,,,,,,,
YEP,Lake Shetek,1998,92,2,157,2.84697,1.09647,2.18025,2.84697,,,,,,,
YEP,Lake Shetek,1998,88,2,158,3.0023,1.036,2.42091,3.0023,,,,,,,
YEP,Lake Shetek,1998,156,2,170,3.27261,1.21775,2.5698,3.27261,,,,,,,
YEP,Lake Shetek,1998,52,2,171,3.19342,0.94921,2.03212,3.19342,,,,,,,
YEP,Lake Shetek,1998,57,2,174,3.15274,1.32316,2.45345,3.15274,,,,,,,
YEP,Lake Shetek,1998,90,2,174,3.29565,1.16217,2.27543,3.29565,,,,,,,
YEP,Lake Shetek,1998,176,2,175,2.94488,0.73492,1.93817,2.94488,,,,,,,
YEP,Lake Shetek,1998,148,2,180,3.33591,0.94842,2.2289,3.33591,,,,,,,
YEP,Lake Shetek,1998,82,2,182,3.51238,1.25337,2.28224,3.51238,,,,,,,
YEP,Lake Shetek,1998,89,2,183,3.75287,1.26193,2.58275,3.75287,,,,,,,
YEP,Lake Shetek,1998,46,2,187,3.51383,1.44446,2.47686,3.51383,,,,,,,
YEP,Lake Shetek,1998,42,2,196,3.45019,1.22987,2.2225,3.45019,,,,,,,
YEP,Lake Shetek,1998,37,2,197,3.72959,1.51137,2.81943,3.72959,,,,,,,
YEP,Lake Shetek,1998,35,2,197,3.80391,1.2806,2.48078,3.80391,,,,,,,
YEP,Lake Shetek,1998,38,2,198,3.8106,1.26795,2.67759,3.8106,,,,,,,
YEP,Lake Shetek,1998,47,2,203,3.94558,1.30237,2.80908,3.94558,,,,,,,
YEP,Lake Shetek,1998,39,2,204,3.44207,1.01618,2.43853,3.44207,,,,,,,
YEP,Lake Shetek,1998,45,2,206,3.69644,1.0923,2.33735,3.69644,,,,,,,
YEP,Lake Shetek,1998,16,2,209,3.38243,0.85757,1.96011,3.38243,,,,,,,
YEP,Lake Shetek,1998,41,2,210,4.01159,1.1304,2.82802,4.01159,,,,,,,
YEP,Lake Shetek,1998,19,2,213,4.03089,1.38038,2.93223,4.03089,,,,,,,
YEP,Lake Shetek,1998,43,2,216,3.96948,1.27748,2.81371,3.96948,,,,,,,
YEP,Lake Shetek,1998,36,2,218,4.10358,1.11556,2.82702,4.10358,,,,,,,
YEP,Lake Shetek,1998,73,2,226,3.99206,1.41252,2.69259,3.99206,,,,,,,
YEP,Lake Shetek,1998,32,3,173,3.58789,1.09884,2.54234,3.26652,3.58789,,,,,,
YEP,Lake Shetek,1998,149,3,186,3.19194,1.20461,1.75067,2.80055,3.19194,,,,,,
YEP,Lake Shetek,1998,40,3,203,3.41024,0.91147,2.22988,3.0719,3.41024,,,,,,
YEP,Lake Shetek,1998,44,3,216,3.84603,0.95749,2.40038,3.00825,3.84603,,,,,,
YEP,Lake Shetek,1998,81,3,221,4.00294,0.98265,2.24233,3.18801,4.00294,,,,,,
YEP,Lake Shetek,1998,17,3,223,4.25773,1.0923,2.38458,3.35639,4.25773,,,,,,
YEP,Lake Shetek,1998,151,3,226,4.14504,1.16941,2.23062,3.24475,4.14504,,,,,,
YEP,Lake Shetek,1998,72,3,226,4.08146,1.04667,2.48502,3.40662,4.08146,,,,,,
YEP,Lake Shetek,1998,71,3,232,4.32441,1.13884,2.14847,3.5497,4.32441,,,,,,
YEP,Lake Shetek,1998,34,3,236,4.48583,1.05464,2.9933,3.73639,4.48583,,,,,,
YEP,Lake Shetek,1998,15,3,238,4.30682,0.90369,2.34189,3.48346,4.30682,,,,,,
YEP,Lake Shetek,1998,33,3,238,4.38165,1.10747,2.42575,3.6451,4.38165,,,,,,
YEP,Lake Shetek,1998,70,3,243,4.26523,1.08559,2.43711,3.24751,4.26523,,,,,,
YEP,Lake Shetek,1998,150,3,246,4.75712,1.14738,2.71597,3.75859,4.75712,,,,,,
YEP,Lake Shetek,1998,183,3,247,4.62503,0.97257,2.73124,3.88056,4.62503,,,,,,
YEP,Lake Shetek,1998,104,3,247,4.3794,1.1134,2.84491,3.65127,4.3794,,,,,,
YEP,Lake Shetek,1998,65,3,260,4.79649,1.69123,3.44002,4.07496,4.79649,,,,,,
YEP,Lake Shetek,1998,70,4,233,4.31803,1.39928,2.52531,3.40583,3.90107,4.31803,,,,,
YEP,Lake Shetek,1998,18,4,249,4.69707,1.37372,2.55694,3.33803,4.14032,4.69707,,,,,
WAE,Lake Yankton,1998,95,2,303,3.11195,0.74949,2.60188,3.11195,,,,,,,
WAE,Lake Yankton,1998,14,2,305,3.95606,0.94855,3.41426,3.95606,,,,,,,
WAE,Lake Yankton,1998,178,2,310,3.42345,0.81602,2.96199,3.42345,,,,,,,
WAE,Lake Yankton,1998,103,2,322,3.65553,1.08433,3.1369,3.65553,,,,,,,
WAE,Lake Yankton,1998,144,2,328,3.61103,0.95485,3.05012,3.61103,,,,,,,
WAE,Lake Yankton,1998,94,2,329,3.63491,0.972,3.21598,3.63491,,,,,,,
WAE,Lake Yankton,1998,146,2,330,3.69572,0.81493,3.13268,3.69572,,,,,,,
WAE,Lake Yankton,1998,96,2,336,3.88832,0.92745,3.51372,3.88832,,,,,,,
WAE,Lake Yankton,1998,147,2,336,4.41544,1.08162,3.79356,4.41544,,,,,,,
WAE,Lake Yankton,1998,145,2,346,3.36156,0.9043,2.9697,3.36156,,,,,,,
WAE,Lake Yankton,1998,81,2,347,4.38435,1.40168,3.96128,4.38435,,,,,,,
WAE,Lake Yankton,1998,98,2,351,4.45392,1.43526,3.96387,4.45392,,,,,,,
WAE,Lake Yankton,1998,119,2,353,4.33117,1.13032,3.84599,4.33117,,,,,,,
WAE,Lake Yankton,1998,10,2,354,4.67229,1.42746,4.28679,4.67229,,,,,,,
WAE,Lake Yankton,1998,182,2,354,3.98889,1.10563,3.49333,3.98889,,,,,,,
WAE,Lake Yankton,1998,106,2,357,4.24952,1.43366,3.82314,4.24952,,,,,,,
WAE,Lake Yankton,1998,155,2,362,4.0434,1.04719,3.55263,4.0434,,,,,,,
WAE,Lake Yankton,1998,97,2,365,4.5902,1.43184,4.14372,4.5902,,,,,,,
WAE,Lake Yankton,1998,118,2,369,4.09366,1.8587,3.57739,4.09366,,,,,,,
WAE,Lake Yankton,1998,124,2,375,4.84929,1.58023,4.34552,4.84929,,,,,,,
WAE,Lake Yankton,1998,120,2,377,4.25483,1.84816,3.85682,4.25483,,,,,,,
WAE,Lake Yankton,1998,8,2,380,4.25077,1.47034,3.93748,4.25077,,,,,,,
WAE,Lake Yankton,1998,168,2,380,4.47473,1.53679,3.92055,4.47473,,,,,,,
WAE,Lake Yankton,1998,175,2,383,4.87981,2.22714,4.42676,4.87981,,,,,,,
WAE,Lake Yankton,1998,15,2,383,4.3053,2.20163,3.85447,4.3053,,,,,,,
WAE,Lake Yankton,1998,77,3,368,4.7456,1.71257,2.77986,4.37558,4.7456,,,,,,
WAE,Lake Yankton,1998,105,3,382,4.22364,1.65497,2.72957,4.02718,4.22364,,,,,,
WAE,Lake Yankton,1998,9,3,386,4.58712,1.40476,2.26734,4.21278,4.58712,,,,,,
WAE,Lake Yankton,1998,153,3,394,4.81832,1.66625,2.70346,4.4979,4.81832,,,,,,
WAE,Lake Yankton,1998,123,3,409,4.48073,0.89493,2.97056,4.02658,4.48073,,,,,,
WAE,Lake Yankton,1998,177,3,424,5.1886,2.16533,3.19692,4.76275,5.1886,,,,,,
WAE,Lake Yankton,1998,163,3,426,4.53815,1.15378,2.43216,4.10214,4.53815,,,,,,
WAE,Lake Yankton,1998,160,3,432,5.31566,0.92899,3.45622,4.96242,5.31566,,,,,,
WAE,Lake Yankton,1998,3,3,435,5.64415,1.18752,3.78791,5.37341,5.64415,,,,,,
WAE,Lake Yankton,1998,176,3,440,4.83448,0.93423,3.3783,4.59105,4.83448,,,,,,
WAE,Lake Yankton,1998,154,3,446,5.32798,2.05458,3.09922,4.94915,5.32798,,,,,,
WAE,Lake Yankton,1998,159,3,474,4.64023,0.95608,3.39424,4.31841,4.64023,,,,,,
WAE,Lake Yankton,1998,157,3,494,5.28241,1.3179,4.31257,5.07112,5.28241,,,,,,
WAE,Lake Yankton,1998,7,4,443,5.30855,0.85652,2.53748,4.53997,5.13888,5.30855,,,,,
WAE,Lake Yankton,1998,104,4,456,5.18585,0.89965,2.69875,4.34552,5.03767,5.18585,,,,,
WAE,Lake Yankton,1998,162,4,498,5.88231,1.23847,3.71482,4.73925,5.62194,5.88231,,,,,
WAE,Lake Yankton,1998,166,4,504,6.2061,2.06605,4.43022,5.08427,5.87596,6.2061,,,,,
WAE,Lake Yankton,1998,158,4,508,5.72364,1.15572,3.47366,4.22502,5.50762,5.72364,,,,,
WAE,Lake Yankton,1998,167,4,510,6.10487,1.06257,3.6452,4.53655,5.76431,6.10487,,,,,
WAE,Lake Yankton,1998,165,4,521,4.65716,0.76158,2.6663,3.26489,4.32902,4.65716,,,,,
WAE,Lake Yankton,1998,6,5,513,5.37067,2.17627,3.46761,4.40003,4.90565,5.28838,5.37067,,,,
WAE,Lake Yankton,1998,1,6,552,6.36796,2.58881,4.50068,5.50577,5.91229,6.0988,6.23428,6.36796,,,
WAE,Lake Yankton,1998,161,7,562,5.77043,2.30298,4.03649,4.77106,5.20923,5.4591,5.58829,5.67307,5.77043,,
WAE,Lake Yankton,1998,156,7,572,5.80617,2.33526,3.99544,4.86903,5.32608,5.50169,5.65611,5.75121,5.80617,,
WAE,Lake Yankton,1998,2,7,611,8.24497,2.11109,4.54472,6.05,7.09579,7.67767,8.0268,8.16242,8.24497,,
WAE,Lake Yankton,1998,107,9,621,5.66319,2.32429,3.85448,4.3774,4.67595,4.87304,5.09109,5.27525,5.42151,5.55514,5.66319
YEP,Lake Yankton,1998,125,1,133,2.6311,1.7526,2.6311,,,,,,,,
YEP,Lake Yankton,1998,139,1,152,2.63471,1.82505,2.63471,,,,,,,,
YEP,Lake Yankton,1998,82,2,174,2.82575,1.02878,2.35799,2.82575,,,,,,,
YEP,Lake Yankton,1998,85,2,177,2.99871,0.81809,2.57994,2.99871,,,,,,,
YEP,Lake Yankton,1998,90,2,178,3.33888,1.37584,2.87908,3.33888,,,,,,,
YEP,Lake Yankton,1998,84,2,187,3.41855,1.44848,3.01869,3.41855,,,,,,,
YEP,Lake Yankton,1998,92,2,192,3.8828,1.4366,3.32837,3.8828,,,,,,,
YEP,Lake Yankton,1998,188,2,194,3.34455,1.54684,2.95496,3.34455,,,,,,,
YEP,Lake Yankton,1998,164,2,196,3.54572,1.44593,2.98857,3.54572,,,,,,,
YEP,Lake Yankton,1998,83,2,197,3.87804,1.32325,3.45276,3.87804,,,,,,,
YEP,Lake Yankton,1998,89,2,202,3.5013,1.30162,2.98297,3.5013,,,,,,,
YEP,Lake Yankton,1998,80,2,203,3.44191,0.95397,2.93237,3.44191,,,,,,,
YEP,Lake Yankton,1998,91,2,203,3.39757,1.20165,2.91683,3.39757,,,,,,,
YEP,Lake Yankton,1998,137,2,204,3.57082,1.27009,3.09486,3.57082,,,,,,,
YEP,Lake Yankton,1998,185,2,213,3.6939,1.13379,3.35957,3.6939,,,,,,,
YEP,Lake Yankton,1998,138,2,214,3.81889,1.02519,3.41297,3.81889,,,,,,,
YEP,Lake Yankton,1998,186,2,216,3.94574,1.42031,3.4425,3.94574,,,,,,,
YEP,Lake Yankton,1998,5,3,203,3.71612,1.10785,2.33265,3.45105,3.71612,,,,,,
YEP,Lake Yankton,1998,87,3,212,3.49186,0.98039,2.16836,3.33934,3.49186,,,,,,
YEP,Lake Yankton,1998,184,3,218,3.83553,1.12255,2.45961,3.53494,3.83553,,,,,,
YEP,Lake Yankton,1998,12,3,222,4.11921,1.09751,2.60752,3.81868,4.11921,,,,,,
YEP,Lake Yankton,1998,79,3,222,4.81978,1.33388,2.98537,4.49828,4.81978,,,,,,
YEP,Lake Yankton,1998,150,3,224,4.09204,1.05532,2.55349,3.78685,4.09204,,,,,,
YEP,Lake Yankton,1998,4,3,228,4.63787,1.35155,2.86658,4.3183,4.63787,,,,,,
YEP,Lake Yankton,1998,88,3,229,4.29304,1.04806,2.66651,4.03063,4.29304,,,,,,
YEP,Lake Yankton,1998,99,3,232,3.70952,0.94378,2.23812,3.5168,3.70952,,,,,,
YEP,Lake Yankton,1998,13,3,233,4.29897,1.25174,2.92766,4.1064,4.29897,,,,,,
YEP,Lake Yankton,1998,11,3,235,4.61614,1.13229,2.84561,4.38283,4.61614,,,,,,
YEP,Lake Yankton,1998,121,3,236,3.89897,0.89405,2.39822,3.67243,3.89897,,,,,,
YEP,Lake Yankton,1998,100,3,237,3.54976,0.98013,2.35518,3.27254,3.54976,,,,,,
YEP,Lake Yankton,1998,101,3,241,4.66334,1.10914,3.02051,4.44138,4.66334,,,,,,
YEP,Lake Yankton,1998,142,3,242,4.0894,1.42263,2.76308,3.9181,4.0894,,,,,,
YEP,Lake Yankton,1998,86,3,244,4.50057,1.04782,2.60093,4.28451,4.50057,,,,,,
YEP,Lake Yankton,1998,93,3,245,4.59591,1.21076,2.90646,4.33999,4.59591,,,,,,
YEP,Lake Yankton,1998,141,3,248,4.22625,1.4024,2.62962,4.02265,4.22625,,,,,,
YEP,Lake Yankton,1998,173,3,252,4.21643,0.91096,2.50152,3.97298,4.21643,,,,,,
YEP,Lake Yankton,1998,151,3,254,3.88862,0.86549,2.44325,3.69157,3.88862,,,,,,
YEP,Lake Yankton,1998,170,3,254,4.69311,1.13174,2.92809,4.34365,4.69311,,,,,,
YEP,Lake Yankton,1998,174,3,256,4.70387,1.66208,3.29305,4.46849,4.70387,,,,,,
YEP,Lake Yankton,1998,149,3,260,4.56867,1.53988,3.11615,4.32696,4.56867,,,,,,
YEP,Lake Yankton,1998,172,4,253,4.82068,1.13259,2.82243,4.34643,4.72545,4.82068,,,,,
YEP,Lake Yankton,1998,148,4,264,4.67233,1.45483,2.85247,3.99462,4.51751,4.67233,,,,,
YEP,Lake Yankton,1998,183,4,272,5.13958,1.74481,3.31731,4.35216,4.94901,5.13958,,,,,
YEP,Lake Yankton,1998,169,4,273,5.09093,1.41959,2.94691,4.34598,4.90877,5.09093,,,,,
YEP,Lake Yankton,1998,171,4,284,4.91126,1.39678,2.96275,4.07677,4.69769,4.91126,,,,,
YEP,Lake Yankton,1998,78,5,262,5.08948,1.15884,2.32834,3.60188,4.42495,4.88608,5.08948,,,,
YEP,Lake Yankton,1998,143,5,294,4.81557,1.34558,2.94013,3.61989,4.32224,4.66332,4.81557,,,,
WAE,Long Lake,1998,118,2,367,4.66953,1.88224,4.21483,4.66953,,,,,,,
WAE,Long Lake,1998,93,3,412,3.5332,0.77895,2.5967,3.30681,3.5332,,,,,,
WAE,Long Lake,1998,119,3,445,5.50967,0.80333,3.51238,4.99594,5.50967,,,,,,
WAE,Long Lake,1998,121,3,489,5.88047,1.08137,3.71499,5.3872,5.88047,,,,,,
WAE,Long Lake,1998,67,6,566,7.24833,2.58265,4.5144,5.70795,6.35978,6.80411,7.1066,7.24833,,,
WAE,Long Lake,1998,57,7,561,6.32305,1.61763,4.14824,4.90123,5.36679,5.77046,6.00773,6.22987,6.32305,,
WAE,Long Lake,1998,116,7,572,6.69468,1.75223,4.39015,5.06106,5.67466,6.05744,6.30729,6.57779,6.69468,,
WAE,Long Lake,1998,120,7,574,6.84349,1.50945,4.17901,4.89761,5.66071,6.01265,6.46961,6.65771,6.84349,,
YEP,Long Lake,1998,99,1,134,2.09448,1.044,2.09448,,,,,,,,
YEP,Long Lake,1998,114,1,135,1.83303,0.89763,1.83303,,,,,,,,
YEP,Long Lake,1998,100,1,138,2.15687,1.26769,2.15687,,,,,,,,
YEP,Long Lake,1998,65,1,139,2.10104,1.28216,2.10104,,,,,,,,
YEP,Long Lake,1998,61,1,143,2.3465,1.23005,2.3465,,,,,,,,
YEP,Long Lake,1998,62,1,145,1.9812,1.17052,1.9812,,,,,,,,
YEP,Long Lake,1998,13,1,147,2.45957,1.32928,2.45957,,,,,,,,
YEP,Long Lake,1998,23,1,148,2.44552,1.3568,2.44552,,,,,,,,
YEP,Long Lake,1998,12,1,153,2.44476,1.31657,2.44476,,,,,,,,
YEP,Long Lake,1998,17,1,154,2.48444,1.22297,2.48444,,,,,,,,
YEP,Long Lake,1998,22,1,158,2.3859,1.23848,2.3859,,,,,,,,
YEP,Long Lake,1998,63,2,145,2.25315,1.016,1.83233,2.25315,,,,,,,
YEP,Long Lake,1998,20,2,151,2.59711,1.36361,2.11853,2.59711,,,,,,,
YEP,Long Lake,1998,21,2,158,2.79824,1.18549,2.15904,2.79824,,,,,,,
YEP,Long Lake,1998,5,2,163,2.12707,0.82974,1.69841,2.12707,,,,,,,
YEP,Long Lake,1998,10,2,165,2.67416,1.17953,1.84196,2.67416,,,,,,,
YEP,Long Lake,1998,6,2,166,3.1348,1.116,2.25214,3.1348,,,,,,,
YEP,Long Lake,1998,11,2,167,3.03933,1.22026,2.09545,3.03933,,,,,,,
YEP,Long Lake,1998,3,2,168,2.98434,1.33779,2.35621,2.98434,,,,,,,
YEP,Long Lake,1998,7,2,172,3.16079,1.37146,2.52717,3.16079,,,,,,,
YEP,Long Lake,1998,2,2,172,3.09252,1.34708,2.428,3.09252,,,,,,,
YEP,Long Lake,1998,4,2,173,2.98358,1.4453,2.27869,2.98358,,,,,,,
YEP,Long Lake,1998,14,2,177,2.74939,0.96737,2.09363,2.74939,,,,,,,
YEP,Long Lake,1998,16,2,179,2.69458,1.02659,1.95792,2.69458,,,,,,,
YEP,Long Lake,1998,19,2,182,3.25124,1.62571,2.69664,3.25124,,,,,,,
YEP,Long Lake,1998,60,2,183,3.24082,1.15626,2.49192,3.24082,,,,,,,
YEP,Long Lake,1998,9,2,183,3.12176,1.20817,2.47372,3.12176,,,,,,,
YEP,Long Lake,1998,15,2,183,2.91234,1.0299,2.22925,2.91234,,,,,,,
YEP,Long Lake,1998,8,2,184,3.00008,1.36738,2.40997,3.00008,,,,,,,
YEP,Long Lake,1998,64,2,190,3.0547,1.38457,2.37076,3.0547,,,,,,,
YEP,Long Lake,1998,18,2,203,3.86333,1.57474,3.04255,3.86333,,,,,,,
YEP,Long Lake,1998,98,3,191,3.06754,1.01659,1.81173,2.57259,3.06754,,,,,,
YEP,Long Lake,1998,66,3,193,3.29023,1.03089,2.19367,2.81387,3.29023,,,,,,
YEP,Long Lake,1998,24,3,194,3.52379,1.27297,2.24708,3.02315,3.52379,,,,,,
YEP,Long Lake,1998,1,3,197,3.20041,1.21073,2.19535,2.77104,3.20041,,,,,,
YEP,Long Lake,1998,95,3,201,2.83447,0.96309,1.99435,2.5908,2.83447,,,,,,
YEP,Long Lake,1998,25,3,202,3.42994,1.35394,2.52394,3.1256,3.42994,,,,,,
YEP,Long Lake,1998,96,3,206,3.82999,1.22138,2.53646,3.26907,3.82999,,,,,,
YEP,Long Lake,1998,97,3,207,3.39424,1.56973,2.5666,3.13636,3.39424,,,,,,
YEP,Long Lake,1998,117,4,216,3.68358,1.39844,2.60455,3.30072,3.542,3.68358,,,,,
YEP,Long Lake,1998,94,4,217,3.81707,1.46217,2.55033,3.34097,3.6647,3.81707,,,,,
WAE,Okabena Lake,1998,171,1,192,2.03419,1.31309,2.03419,,,,,,,,
WAE,Okabena Lake,1998,170,1,193,2.167,1.13266,2.167,,,,,,,,
WAE,Okabena Lake,1998,172,1,193,1.97485,1.26386,1.97485,,,,,,,,
WAE,Okabena Lake,1998,20,1,193,2.1971,1.25956,2.1971,,,,,,,,
WAE,Okabena Lake,1998,146,1,198,2.41089,1.2114,2.41089,,,,,,,,
WAE,Okabena Lake,1998,203,1,203,2.34951,1.49438,2.34951,,,,,,,,
WAE,Okabena Lake,1998,167,1,204,2.3694,1.318,2.3694,,,,,,,,
WAE,Okabena Lake,1998,204,1,207,2.21029,1.31772,2.21029,,,,,,,,
WAE,Okabena Lake,1998,166,1,208,2.78452,1.6681,2.78452,,,,,,,,
WAE,Okabena Lake,1998,165,1,209,2.12728,1.37662,2.12728,,,,,,,,
WAE,Okabena Lake,1998,168,1,214,2.44092,1.5667,2.44092,,,,,,,,
WAE,Okabena Lake,1998,147,1,224,2.51251,1.46685,2.51251,,,,,,,,
WAE,Okabena Lake,1998,169,1,242,2.79416,1.79953,2.79416,,,,,,,,
WAE,Okabena Lake,1998,224,1,250,2.92141,2.06598,2.92141,,,,,,,,
WAE,Okabena Lake,1998,155,2,338,3.74332,1.63522,3.23549,3.74332,,,,,,,
WAE,Okabena Lake,1998,8,2,340,4.26761,1.81637,3.69018,4.26761,,,,,,,
WAE,Okabena Lake,1998,133,2,341,3.95008,2.04992,3.72553,3.95008,,,,,,,
WAE,Okabena Lake,1998,7,2,341,4.25703,2.00714,3.6601,4.25703,,,,,,,
WAE,Okabena Lake,1998,199,2,347,4.5466,2.51891,4.05148,4.5466,,,,,,,
WAE,Okabena Lake,1998,118,2,353,4.28237,2.06199,3.6643,4.28237,,,,,,,
WAE,Okabena Lake,1998,106,2,357,4.65244,2.39188,4.11904,4.65244,,,,,,,
WAE,Okabena Lake,1998,3,2,357,4.80927,2.24892,4.22983,4.80927,,,,,,,
WAE,Okabena Lake,1998,117,2,358,4.29536,1.95179,3.7137,4.29536,,,,,,,
WAE,Okabena Lake,1998,11,2,361,4.62281,2.45798,4.12327,4.62281,,,,,,,
WAE,Okabena Lake,1998,125,2,366,4.97661,2.47865,4.27817,4.97661,,,,,,,
WAE,Okabena Lake,1998,5,2,367,5.10781,2.14215,4.20396,5.10781,,,,,,,
WAE,Okabena Lake,1998,4,2,370,4.44726,1.89298,3.60271,4.44726,,,,,,,
WAE,Okabena Lake,1998,196,2,378,4.63331,2.24224,4.00636,4.63331,,,,,,,
WAE,Okabena Lake,1998,154,2,383,5.16748,2.36323,4.41368,5.16748,,,,,,,
WAE,Okabena Lake,1998,132,2,384,4.77319,2.04049,3.93733,4.77319,,,,,,,
WAE,Okabena Lake,1998,218,2,392,4.75438,2.02357,4.00915,4.75438,,,,,,,
WAE,Okabena Lake,1998,152,2,394,4.73544,2.3867,4.13304,4.73544,,,,,,,
WAE,Okabena Lake,1998,2,2,402,4.69053,2.18017,3.92853,4.69053,,,,,,,
WAE,Okabena Lake,1998,124,3,352,4.68373,2.28773,3.50481,4.22112,4.68373,,,,,,
WAE,Okabena Lake,1998,123,3,368,4.54237,1.34409,2.95767,4.27572,4.54237,,,,,,
WAE,Okabena Lake,1998,158,3,377,4.62764,1.52446,3.20781,4.39473,4.62764,,,,,,
WAE,Okabena Lake,1998,6,3,384,4.61257,1.30478,3.71695,4.39282,4.61257,,,,,,
WAE,Okabena Lake,1998,159,3,384,5.03921,1.44454,3.52287,4.70701,5.03921,,,,,,
WAE,Okabena Lake,1998,121,3,394,4.64706,2.09263,3.59742,4.38957,4.64706,,,,,,
WAE,Okabena Lake,1998,210,3,394,5.6007,1.85848,3.79307,5.31072,5.6007,,,,,,
WAE,Okabena Lake,1998,119,3,402,4.90785,1.35292,3.23723,4.504,4.90785,,,,,,
WAE,Okabena Lake,1998,116,3,404,5.49071,1.77083,3.85505,5.23044,5.49071,,,,,,
WAE,Okabena Lake,1998,223,3,419,5.11027,2.44515,3.63261,4.89644,5.11027,,,,,,
WAE,Okabena Lake,1998,122,3,432,5.7066,1.77929,2.98124,4.6974,5.7066,,,,,,
WAE,Okabena Lake,1998,120,3,433,5.9436,1.50961,3.67901,5.38057,5.9436,,,,,,
WAE,Okabena Lake,1998,214,3,443,5.5466,1.51202,3.96349,5.21691,5.5466,,,,,,
WAE,Okabena Lake,1998,153,3,461,5.81705,2.86286,4.47116,5.49312,5.81705,,,,,,
WAE,Okabena Lake,1998,216,4,404,5.41809,1.74282,3.05276,4.41179,5.18104,5.41809,,,,,
WAE,Okabena Lake,1998,197,4,408,5.72483,1.54561,2.87985,4.42971,5.4449,5.72483,,,,,
WAE,Okabena Lake,1998,160,4,430,4.93851,1.46439,2.71887,4.12816,4.70581,4.93851,,,,,
WAE,Okabena Lake,1998,215,4,469,5.68549,1.41095,2.62331,3.95416,5.19671,5.68549,,,,,
WAE,Okabena Lake,1998,217,5,447,5.50448,2.44695,3.77581,4.49156,4.89761,5.1957,5.50448,,,,
WAE,Okabena Lake,1998,131,5,459,4.91286,1.07023,2.31907,3.43959,4.0132,4.50219,4.91286,,,,
WAE,Okabena Lake,1998,151,5,490,6.1807,1.40354,2.47862,4.18059,5.4356,5.93091,6.1807,,,,
WAE,Okabena Lake,1998,157,5,519,5.86978,1.10231,3.27754,4.33009,5.0714,5.59837,5.86978,,,,
WAE,Okabena Lake,1998,212,6,476,5.25675,1.4463,2.82947,3.57957,4.30047,4.72987,5.06624,5.25675,,,
WAE,Okabena Lake,1998,156,6,485,5.88811,1.36038,3.15614,4.26335,4.78462,5.35922,5.71411,5.88811,,,
WAE,Okabena Lake,1998,115,6,523,6.64429,1.57526,2.96572,4.63762,5.38694,5.96703,6.44954,6.64429,,,
WAE,Okabena Lake,1998,195,6,542,6.18249,1.3069,3.41475,4.50657,5.26483,5.69193,5.98592,6.18249,,,
WAE,Okabena Lake,1998,150,7,497,6.39454,2.36009,3.75362,4.33925,4.90643,5.31288,5.81886,6.20019,6.39454,,
WAE,Okabena Lake,1998,213,7,498,5.59648,1.17967,2.89232,4.20655,4.69083,5.03555,5.19012,5.39118,5.59648,,
WAE,Okabena Lake,1998,114,7,564,7.21438,1.6145,3.26923,4.76826,5.33412,5.93658,6.63243,6.9859,7.21438,,
WAE,Okabena Lake,1998,113,7,648,7.36406,1.89367,4.62763,5.99048,6.67609,6.92379,7.12272,7.25397,7.36406,,
WAE,Okabena Lake,1998,112,8,624,7.20772,1.25961,3.61546,4.80218,5.51064,6.01172,6.4098,6.79813,7.04833,7.20772,
YEP,Okabena Lake,1998,149,2,163,2.83683,1.13948,2.16616,2.83683,,,,,,,
YEP,Okabena Lake,1998,350,2,167,3.25342,1.65101,2.86176,3.25342,,,,,,,
YEP,Okabena Lake,1998,225,2,172,3.23507,1.83962,2.80508,3.23507,,,,,,,
YEP,Okabena Lake,1998,226,2,174,3.23645,1.00771,2.46177,3.23645,,,,,,,
YEP,Okabena Lake,1998,173,2,180,3.24707,1.71903,2.87675,3.24707,,,,,,,
YEP,Okabena Lake,1998,201,2,182,3.44174,1.75048,3.06494,3.44174,,,,,,,
YEP,Okabena Lake,1998,200,2,184,3.29188,1.8338,2.94855,3.29188,,,,,,,
YEP,Okabena Lake,1998,202,2,184,3.63661,1.82776,2.96431,3.63661,,,,,,,
YEP,Okabena Lake,1998,18,2,185,3.73825,2.01295,3.24073,3.73825,,,,,,,
YEP,Okabena Lake,1998,143,2,192,3.7723,2.01171,3.32853,3.7723,,,,,,,
YEP,Okabena Lake,1998,17,2,193,3.86994,1.97446,3.15057,3.86994,,,,,,,
YEP,Okabena Lake,1998,144,2,198,3.8511,1.86269,3.3398,3.8511,,,,,,,
YEP,Okabena Lake,1998,135,2,198,3.48192,2.03835,3.23216,3.48192,,,,,,,
YEP,Okabena Lake,1998,140,2,201,3.70845,1.93505,3.16025,3.70845,,,,,,,
YEP,Okabena Lake,1998,19,2,203,3.84182,1.99037,3.27661,3.84182,,,,,,,
YEP,Okabena Lake,1998,10,2,205,3.96463,2.39199,3.60262,3.96463,,,,,,,
YEP,Okabena Lake,1998,142,2,207,3.99815,2.10263,3.51628,3.99815,,,,,,,
YEP,Okabena Lake,1998,137,2,209,3.6589,1.7446,3.20638,3.6589,,,,,,,
YEP,Okabena Lake,1998,12,2,217,3.81853,2.32415,3.55611,3.81853,,,,,,,
YEP,Okabena Lake,1998,16,2,218,4.23347,1.65719,3.79535,4.23347,,,,,,,
YEP,Okabena Lake,1998,134,2,218,3.83197,2.00502,3.38184,3.83197,,,,,,,
YEP,Okabena Lake,1998,145,2,223,4.52781,1.71476,3.62849,4.52781,,,,,,,
YEP,Okabena Lake,1998,136,2,226,4.15127,1.38495,3.55649,4.15127,,,,,,,
YEP,Okabena Lake,1998,141,2,238,4.59758,1.48167,3.93083,4.59758,,,,,,,
YEP,Okabena Lake,1998,163,2,244,4.36086,1.69241,3.68418,4.36086,,,,,,,
YEP,Okabena Lake,1998,161,3,221,4.13144,1.4419,3.0901,3.83469,4.13144,,,,,,
YEP,Okabena Lake,1998,139,3,226,4.12074,1.64567,2.56744,3.40816,4.12074,,,,,,
YEP,Okabena Lake,1998,138,3,227,4.03445,1.04085,2.58311,3.59671,4.03445,,,,,,
YEP,Okabena Lake,1998,14,3,232,4.44113,1.91982,3.36038,4.2234,4.44113,,,,,,
YEP,Okabena Lake,1998,9,3,237,4.29744,1.42602,3.30773,4.03257,4.29744,,,,,,
YEP,Okabena Lake,1998,164,3,237,4.61285,1.44167,3.63774,4.37801,4.61285,,,,,,
YEP,Okabena Lake,1998,148,3,238,4.58501,1.45671,3.29709,4.19793,4.58501,,,,,,
YEP,Okabena Lake,1998,221,3,245,4.85605,1.8796,3.61952,4.43872,4.85605,,,,,,
YEP,Okabena Lake,1998,128,3,248,4.85783,1.87327,3.66397,4.5212,4.85783,,,,,,
YEP,Okabena Lake,1998,107,3,250,5.02738,1.21359,3.54547,4.5742,5.02738,,,,,,
YEP,Okabena Lake,1998,127,3,256,4.4069,1.54982,3.45469,4.2037,4.4069,,,,,,
YEP,Okabena Lake,1998,219,3,257,4.91722,1.53082,3.25821,4.64215,4.91722,,,,,,
YEP,Okabena Lake,1998,129,3,257,5.25789,1.61412,4.20537,4.99561,5.25789,,,,,,
YEP,Okabena Lake,1998,220,3,262,4.75202,1.6857,3.55489,4.46238,4.75202,,,,,,
YEP,Okabena Lake,1998,222,3,263,4.95091,1.75476,3.67052,4.6419,4.95091,,,,,,
YEP,Okabena Lake,1998,198,3,267,5.08428,1.84464,3.90718,4.76796,5.08428,,,,,,
YEP,Okabena Lake,1998,126,3,267,4.99165,2.19125,4.13222,4.76443,4.99165,,,,,,
YEP,Okabena Lake,1998,108,3,281,4.9902,1.55444,4.05242,4.77421,4.9902,,,,,,
YEP,Okabena Lake,1998,162,4,193,3.53803,1.36887,2.09786,2.807,3.23353,3.53803,,,,,
YEP,Okabena Lake,1998,13,4,212,3.90419,1.32618,2.31047,3.34998,3.72856,3.90419,,,,,
YEP,Okabena Lake,1998,15,4,217,3.88848,1.19385,1.97075,2.90831,3.70417,3.88848,,,,,
YEP,Okabena Lake,1998,130,4,252,4.68451,1.57924,2.7289,3.85976,4.56382,4.68451,,,,,
WAE,Rock Lake,1998,94,1,291,3.98063,2.43953,3.98063,,,,,,,,
WAE,Rock Lake,1998,98,2,307,4.52146,1.19434,3.52749,4.52146,,,,,,,
WAE,Rock Lake,1998,91,2,310,4.43785,1.13457,3.34184,4.43785,,,,,,,
WAE,Rock Lake,1998,95,2,311,4.38588,1.07532,3.27259,4.38588,,,,,,,
WAE,Rock Lake,1998,60,2,315,4.12605,1.06756,3.05994,4.12605,,,,,,,
WAE,Rock Lake,1998,25,2,315,4.13715,0.95538,3.10265,4.13715,,,,,,,
WAE,Rock Lake,1998,61,2,317,4.06033,1.00395,3.05809,4.06033,,,,,,,
WAE,Rock Lake,1998,72,2,317,4.24815,1.06791,3.33388,4.24815,,,,,,,
WAE,Rock Lake,1998,92,2,321,3.89545,0.79799,2.75178,3.89545,,,,,,,
WAE,Rock Lake,1998,90,2,323,4.52667,0.95236,3.42101,4.52667,,,,,,,
WAE,Rock Lake,1998,99,2,323,4.08321,0.94203,3.15173,4.08321,,,,,,,
WAE,Rock Lake,1998,26,2,325,4.2037,0.89791,3.27321,4.2037,,,,,,,
WAE,Rock Lake,1998,5,2,326,4.65129,1.02023,3.46587,4.65129,,,,,,,
WAE,Rock Lake,1998,28,2,330,4.30476,0.93198,3.20594,4.30476,,,,,,,
WAE,Rock Lake,1998,24,2,337,4.16452,1.00659,3.1361,4.16452,,,,,,,
WAE,Rock Lake,1998,10,2,338,4.67178,1.24767,3.61223,4.67178,,,,,,,
WAE,Rock Lake,1998,11,2,340,4.22284,1.02452,2.93176,4.22284,,,,,,,
WAE,Rock Lake,1998,7,2,342,4.40879,0.99087,3.36766,4.40879,,,,,,,
WAE,Rock Lake,1998,9,2,345,4.87022,1.09628,3.58005,4.87022,,,,,,,
WAE,Rock Lake,1998,29,2,349,4.33867,1.01538,3.30843,4.33867,,,,,,,
WAE,Rock Lake,1998,23,2,351,3.927,0.81241,2.85584,3.927,,,,,,,
WAE,Rock Lake,1998,68,2,352,4.50233,0.85734,3.69579,4.50233,,,,,,,
WAE,Rock Lake,1998,69,2,359,4.01113,1.58545,3.23221,4.01113,,,,,,,
WAE,Rock Lake,1998,8,2,359,4.06825,1.04157,3.35492,4.06825,,,,,,,
WAE,Rock Lake,1998,67,2,362,4.03333,0.94668,3.00825,4.03333,,,,,,,
WAE,Rock Lake,1998,35,2,366,4.84943,1.20499,3.67566,4.84943,,,,,,,
WAE,Rock Lake,1998,71,2,369,4.73942,1.20492,3.743,4.73942,,,,,,,
WAE,Rock Lake,1998,64,3,370,4.4308,0.88769,1.89375,3.65408,4.4308,,,,,,
WAE,Rock Lake,1998,70,3,384,4.47283,0.94692,2.76861,4.04074,4.47283,,,,,,
WAE,Rock Lake,1998,6,3,386,4.61215,0.77876,1.85726,3.79866,4.61215,,,,,,
WAE,Rock Lake,1998,65,3,387,4.79069,0.80322,1.90872,3.86414,4.79069,,,,,,
WAE,Rock Lake,1998,103,3,387,4.38785,0.70281,1.91348,3.63438,4.38785,,,,,,
WAE,Rock Lake,1998,102,3,387,4.04301,0.73371,1.78274,3.2788,4.04301,,,,,,
WAE,Rock Lake,1998,74,3,391,4.55182,0.88302,2.03513,3.84596,4.55182,,,,,,
WAE,Rock Lake,1998,104,3,395,4.87092,0.96306,2.12529,4.02924,4.87092,,,,,,
WAE,Rock Lake,1998,66,3,443,4.92979,1.24886,3.08715,4.43458,4.92979,,,,,,
WAE,Rock Lake,1998,97,3,470,5.43399,1.75712,4.16901,5.06812,5.43399,,,,,,
WAE,Rock Lake,1998,2,4,520,7.17137,1.85213,4.85564,6.04751,6.88365,7.17137,,,,,
WAE,Rock Lake,1998,73,5,475,5.51074,0.77896,1.79071,3.10946,4.59591,5.2263,5.51074,,,,
WAE,Rock Lake,1998,3,5,477,6.23801,0.90386,2.01097,3.81425,5.03153,5.92765,6.23801,,,,
WAE,Rock Lake,1998,4,5,481,6.90037,1.36134,2.74321,4.60196,5.7785,6.46007,6.90037,,,,
WAE,Rock Lake,1998,96,5,516,7.41084,1.94248,4.95968,6.30364,6.76301,7.16929,7.41084,,,,
WAE,Rock Lake,1998,1,5,534,6.98321,0.84515,1.81613,3.61316,5.87436,6.67447,6.98321,,,,
WAE,Rock Lake,1998,89,6,593,6.18093,1.13619,3.86866,5.11008,5.55466,5.83792,5.98608,6.18093,,,
YEP,Rock Lake,1998,54,1,149,3.23237,1.65966,3.23237,,,,,,,,
YEP,Rock Lake,1998,59,2,182,3.75225,1.35409,3.04372,3.75225,,,,,,,
YEP,Rock Lake,1998,17,3,204,4.62146,1.41027,3.03368,4.02512,4.62146,,,,,,
YEP,Rock Lake,1998,93,3,209,3.35004,0.92807,1.99138,2.83627,3.35004,,,,,,
YEP,Rock Lake,1998,63,3,210,4.62099,1.36531,3.08399,4.09824,4.62099,,,,,,
YEP,Rock Lake,1998,101,3,210,4.68891,1.44171,2.62142,3.93507,4.68891,,,,,,
YEP,Rock Lake,1998,100,3,211,4.85614,1.62368,3.37822,4.42388,4.85614,,,,,,
YEP,Rock Lake,1998,33,3,220,4.41804,0.86148,1.78775,3.75523,4.41804,,,,,,
YEP,Rock Lake,1998,32,3,222,4.64262,1.48222,3.27217,4.20064,4.64262,,,,,,
YEP,Rock Lake,1998,58,3,223,4.21018,1.06811,2.68358,3.75968,4.21018,,,,,,
YEP,Rock Lake,1998,18,3,224,4.62513,1.04378,3.07349,4.08518,4.62513,,,,,,
YEP,Rock Lake,1998,13,3,226,4.65049,1.26852,2.71003,4.25476,4.65049,,,,,,
YEP,Rock Lake,1998,19,3,230,4.74586,1.28919,3.00198,4.25247,4.74586,,,,,,
YEP,Rock Lake,1998,31,3,230,4.65309,1.23153,3.17314,4.16586,4.65309,,,,,,
YEP,Rock Lake,1998,34,3,232,5.03616,1.54749,3.40576,4.58971,5.03616,,,,,,
YEP,Rock Lake,1998,14,3,233,4.93005,1.38017,3.34494,4.46211,4.93005,,,,,,
YEP,Rock Lake,1998,20,3,237,4.65575,1.16909,3.0024,4.11616,4.65575,,,,,,
YEP,Rock Lake,1998,56,3,240,4.73947,1.51769,3.25555,4.20583,4.73947,,,,,,
YEP,Rock Lake,1998,12,3,243,5.00717,1.40911,3.32809,4.47539,5.00717,,,,,,
YEP,Rock Lake,1998,62,3,245,4.81578,1.35283,3.17933,4.36998,4.81578,,,,,,
YEP,Rock Lake,1998,30,3,250,5.26461,1.81871,3.80581,4.83909,5.26461,,,,,,
YEP,Rock Lake,1998,21,3,252,5.73218,1.77929,3.92512,5.30071,5.73218,,,,,,
YEP,Rock Lake,1998,16,3,253,5.11492,1.71308,3.60527,4.68403,5.11492,,,,,,
YEP,Rock Lake,1998,15,3,254,5.07881,1.6353,3.96338,4.68858,5.07881,,,,,,
YEP,Rock Lake,1998,55,4,241,5.14186,1.31893,3.18239,4.03333,4.67077,5.14186,,,,,
YEP,Rock Lake,1998,22,4,241,5.14212,1.93582,3.17649,3.98074,4.65552,5.14212,,,,,
YEP,Rock Lake,1998,57,4,259,5.09701,1.68086,3.31913,4.59141,4.92355,5.09701,,,,,
WAE,South Silver Lake,1998,17,1,315,3.96665,2.06823,3.96665,,,,,,,,
WAE,South Silver Lake,1998,15,1,329,3.94601,2.37739,3.94601,,,,,,,,
WAE,South Silver Lake,1998,50,4,437,6.03544,2.13211,2.85334,4.13495,5.53331,6.03544,,,,,
WAE,South Silver Lake,1998,51,4,479,5.69822,1.75067,2.40039,3.9397,5.31327,5.69822,,,,,
WAE,South Silver Lake,1998,68,6,517,6.25942,0.99703,2.87021,4.31203,5.39347,5.87207,6.1536,6.25942,,,
WAE,South Silver Lake,1998,19,6,537,6.20038,0.83827,2.34104,3.39954,4.45166,5.12707,5.90187,6.20038,,,
WAE,South Silver Lake,1998,18,6,539,6.23188,1.21762,2.65924,4.06867,5.08032,5.65668,6.04135,6.23188,,,
WAE,South Silver Lake,1998,25,6,592,6.50298,0.89405,2.37919,3.70968,4.56216,5.67777,6.21514,6.50298,,,
YEP,South Silver Lake,1998,49,1,143,2.231,0.96105,2.231,,,,,,,,
YEP,South Silver Lake,1998,4,1,144,2.42786,0.84465,2.42786,,,,,,,,
YEP,South Silver Lake,1998,1,1,146,2.36919,0.95318,2.36919,,,,,,,,
YEP,South Silver Lake,1998,42,1,147,2.46707,1.0463,2.46707,,,,,,,,
YEP,South Silver Lake,1998,9,1,152,2.43741,1.41509,2.43741,,,,,,,,
YEP,South Silver Lake,1998,7,1,152,2.56442,1.01749,2.56442,,,,,,,,
YEP,South Silver Lake,1998,10,1,153,2.41311,0.84667,2.41311,,,,,,,,
YEP,South Silver Lake,1998,44,1,157,2.56063,1.08476,2.56063,,,,,,,,
YEP,South Silver Lake,1998,3,1,157,2.70947,1.21171,2.70947,,,,,,,,
YEP,South Silver Lake,1998,43,1,160,2.4555,1.17847,2.4555,,,,,,,,
YEP,South Silver Lake,1998,5,1,163,2.90481,1.35483,2.90481,,,,,,,,
YEP,South Silver Lake,1998,8,1,165,2.49163,1.08856,2.49163,,,,,,,,
YEP,South Silver Lake,1998,2,1,166,2.7364,1.14348,2.7364,,,,,,,,
YEP,South Silver Lake,1998,6,1,167,2.80037,1.64488,2.80037,,,,,,,,
YEP,South Silver Lake,1998,46,1,170,3.19512,1.60349,3.19512,,,,,,,,
YEP,South Silver Lake,1998,73,2,148,2.54995,1.29874,2.21979,2.54995,,,,,,,
YEP,South Silver Lake,1998,48,2,170,3.02685,0.94498,2.05957,3.02685,,,,,,,
YEP,South Silver Lake,1998,31,2,176,3.09108,0.80645,1.91736,3.09108,,,,,,,
YEP,South Silver Lake,1998,45,2,177,2.82466,0.80451,2.27997,2.82466,,,,,,,
YEP,South Silver Lake,1998,83,2,178,3.07136,0.83827,2.05768,3.07136,,,,,,,
YEP,South Silver Lake,1998,59,2,185,3.2446,1.00047,2.1815,3.2446,,,,,,,
YEP,South Silver Lake,1998,72,2,187,3.34222,0.87001,2.26276,3.34222,,,,,,,
YEP,South Silver Lake,1998,56,2,187,3.22378,1.05864,2.27378,3.22378,,,,,,,
YEP,South Silver Lake,1998,81,2,188,3.0948,0.88084,2.04524,3.0948,,,,,,,
YEP,South Silver Lake,1998,57,2,189,3.60784,0.91394,2.43717,3.60784,,,,,,,
YEP,South Silver Lake,1998,37,2,190,3.12246,0.97367,2.10216,3.12246,,,,,,,
YEP,South Silver Lake,1998,36,2,192,3.19535,0.88925,2.14902,3.19535,,,,,,,
YEP,South Silver Lake,1998,11,2,192,3.19851,0.87117,2.21194,3.19851,,,,,,,
YEP,South Silver Lake,1998,35,2,194,3.43143,1.08947,2.25029,3.43143,,,,,,,
YEP,South Silver Lake,1998,39,2,196,3.35088,0.9174,2.07067,3.35088,,,,,,,
YEP,South Silver Lake,1998,47,2,204,3.47264,1.06529,2.33511,3.47264,,,,,,,
YEP,South Silver Lake,1998,70,3,206,3.85675,0.98448,2.0646,3.31497,3.85675,,,,,,
YEP,South Silver Lake,1998,28,3,217,4.19126,1.03719,2.30298,3.49468,4.19126,,,,,,
YEP,South Silver Lake,1998,58,3,223,4.11559,1.04697,2.34395,3.36807,4.11559,,,,,,
YEP,South Silver Lake,1998,71,3,225,4.23581,0.93999,1.92203,3.60261,4.23581,,,,,,
YEP,South Silver Lake,1998,12,4,200,3.52917,1.14098,2.15523,2.59337,3.15848,3.52917,,,,,
YEP,South Silver Lake,1998,82,4,208,3.79666,1.29201,2.01349,2.57248,3.36467,3.79666,,,,,
YEP,South Silver Lake,1998,14,4,212,4.27992,1.44526,2.38639,3.14662,3.77834,4.27992,,,,,
YEP,South Silver Lake,1998,27,4,212,3.80396,0.90242,1.97328,2.44769,3.29582,3.80396,,,,,
YEP,South Silver Lake,1998,84,4,215,3.92901,1.32812,2.44114,2.95132,3.53964,3.92901,,,,,
YEP,South Silver Lake,1998,30,4,218,3.94836,1.47561,2.2908,2.76096,3.59251,3.94836,,,,,
YEP,South Silver Lake,1998,85,4,221,4.08459,1.19971,2.24405,3.03804,3.63209,4.08459,,,,,
YEP,South Silver Lake,1998,38,4,222,3.86516,1.43127,2.29661,2.94684,3.55628,3.86516,,,,,
YEP,South Silver Lake,1998,40,4,227,3.79338,1.26789,2.43632,2.94218,3.45675,3.79338,,,,,
YEP,South Silver Lake,1998,13,4,231,4.69066,1.36737,2.74762,3.55614,4.23994,4.69066,,,,,
YEP,South Silver Lake,1998,53,4,232,3.94233,1.19295,2.434,2.92876,3.59495,3.94233,,,,,
YEP,South Silver Lake,1998,29,4,236,4.49157,1.64514,2.97401,3.53484,4.14867,4.49157,,,,,
YEP,South Silver Lake,1998,32,4,237,4.05767,1.36365,2.55916,3.03149,3.77404,4.05767,,,,,
YEP,South Silver Lake,1998,33,4,238,4.43259,1.5183,2.47606,3.08415,4.02394,4.43259,,,,,
YEP,South Silver Lake,1998,16,4,244,4.51063,1.58336,2.89841,3.46926,4.15719,4.51063,,,,,
YEP,South Silver Lake,1998,54,4,245,4.6748,1.18398,2.56009,3.65708,4.34327,4.6748,,,,,
YEP,South Silver Lake,1998,34,4,246,4.35838,1.522,2.60145,3.25127,3.99014,4.35838,,,,,
YEP,South Silver Lake,1998,55,4,246,4.15926,1.32084,2.47471,2.97199,3.71692,4.15926,,,,,
YEP,South Silver Lake,1998,26,4,248,4.90439,1.74475,3.09802,3.71724,4.41965,4.90439,,,,,
YEP,South Silver Lake,1998,41,4,250,4.67863,1.76386,2.89119,3.51103,4.1633,4.67863,,,,,
YEP,South Silver Lake,1998,52,4,258,3.98167,1.03831,2.24399,2.9891,3.6175,3.98167,,,,,
YEP,Timber Lake,1998,89,1,142,2.42786,1.31543,2.42786,,,,,,,,
YEP,Timber Lake,1998,59,1,142,2.26913,1.26255,2.26913,,,,,,,,
YEP,Timber Lake,1998,90,1,146,2.38268,1.2235,2.38268,,,,,,,,
YEP,Timber Lake,1998,88,1,148,2.40007,1.37932,2.40007,,,,,,,,
YEP,Timber Lake,1998,82,1,148,2.2908,1.10238,2.2908,,,,,,,,
YEP,Timber Lake,1998,11,1,153,2.59279,1.50878,2.59279,,,,,,,,
YEP,Timber Lake,1998,83,1,154,2.59314,1.51391,2.59314,,,,,,,,
YEP,Timber Lake,1998,80,1,154,2.47462,1.26628,2.47462,,,,,,,,
YEP,Timber Lake,1998,87,1,160,2.57767,1.52019,2.57767,,,,,,,,
YEP,Timber Lake,1998,12,1,162,2.40879,1.58007,2.40879,,,,,,,,
YEP,Timber Lake,1998,58,2,152,2.26809,1.0971,1.60968,2.26809,,,,,,,
YEP,Timber Lake,1998,91,2,159,2.5461,0.91519,1.72994,2.5461,,,,,,,
YEP,Timber Lake,1998,84,2,160,2.57282,1.109,1.89125,2.57282,,,,,,,
YEP,Timber Lake,1998,81,2,163,2.80112,1.1663,2.09978,2.80112,,,,,,,
YEP,Timber Lake,1998,86,2,168,3.10538,1.17357,2.26279,3.10538,,,,,,,
YEP,Timber Lake,1998,60,2,172,3.27238,1.09696,2.36441,3.27238,,,,,,,
YEP,Timber Lake,1998,85,2,177,2.76758,1.06292,1.98807,2.76758,,,,,,,
YEP,Timber Lake,1998,65,2,178,2.9549,1.04567,2.43639,2.9549,,,,,,,
YEP,Timber Lake,1998,56,2,179,2.92658,0.90618,2.11973,2.92658,,,,,,,
YEP,Timber Lake,1998,61,2,183,3.09128,1.16378,2.20735,3.09128,,,,,,,
YEP,Timber Lake,1998,62,2,187,3.71311,1.17107,2.6484,3.71311,,,,,,,
YEP,Timber Lake,1998,9,2,188,3.15184,1.00834,2.28238,3.15184,,,,,,,
YEP,Timber Lake,1998,75,2,196,3.39937,1.06422,2.4031,3.39937,,,,,,,
YEP,Timber Lake,1998,73,2,197,3.69571,1.45007,2.91044,3.69571,,,,,,,
YEP,Timber Lake,1998,76,2,197,3.18589,1.03934,2.23966,3.18589,,,,,,,
YEP,Timber Lake,1998,8,3,178,3.1222,0.97856,1.61301,2.3627,3.1222,,,,,,
YEP,Timber Lake,1998,78,3,208,3.75974,1.00776,1.65595,2.6895,3.75974,,,,,,
YEP,Timber Lake,1998,69,3,208,3.96306,1.06972,2.0285,3.01092,3.96306,,,,,,
YEP,Timber Lake,1998,5,3,208,3.76475,0.99769,2.07242,2.86637,3.76475,,,,,,
YEP,Timber Lake,1998,74,3,209,3.57177,0.961,1.97997,2.89491,3.57177,,,,,,
YEP,Timber Lake,1998,68,3,216,3.40851,0.97911,1.96029,2.77716,3.40851,,,,,,
YEP,Timber Lake,1998,57,3,217,4.33796,1.06782,2.33949,3.64697,4.33796,,,,,,
YEP,Timber Lake,1998,10,3,218,3.83561,0.99475,1.95926,3.08887,3.83561,,,,,,
YEP,Timber Lake,1998,79,3,222,4.10888,1.11629,2.19584,3.39548,4.10888,,,,,,
YEP,Timber Lake,1998,3,3,222,3.98696,1.09195,2.10874,3.31062,3.98696,,,,,,
YEP,Timber Lake,1998,6,3,232,4.46651,1.125,2.17304,3.64583,4.46651,,,,,,
YEP,Timber Lake,1998,77,4,183,3.42761,0.75313,1.57443,2.18598,3.05218,3.42761,,,,,
YEP,Timber Lake,1998,63,4,183,3.68973,0.71457,1.63062,2.20827,3.14753,3.68973,,,,,
YEP,Timber Lake,1998,7,4,208,4.00491,0.81426,1.5576,2.28989,3.25148,4.00491,,,,,
YEP,Timber Lake,1998,64,4,215,4.00901,0.7192,1.49546,2.37944,3.41423,4.00901,,,,,
YEP,Timber Lake,1998,4,4,218,3.95224,0.83443,1.59679,2.38486,3.4403,3.95224,,,,,
YEP,Timber Lake,1998,72,4,227,3.82073,0.82801,1.74455,2.43277,3.2364,3.82073,,,,,
YEP,Timber Lake,1998,67,4,228,3.96381,0.79385,1.59214,2.18726,3.23709,3.96381,,,,,
YEP,Timber Lake,1998,66,4,229,4.39769,0.82325,1.55273,2.25592,3.61334,4.39769,,,,,
YEP,Timber Lake,1998,71,4,257,4.60321,0.81387,1.48747,2.04059,3.82628,4.60321,,,,,
